"file","caption","alt_text","category","png_time","StartTime"
"bio1_sizeatage.png","Length at age in the beginning of the year (or season) in the ending year of the model. Shaded area indicates 95% distribution of length at age around estimated growth curve.",NA,"Bio",2025-06-25 14:46:10.478933,"StartTime: Wed Jun 25 14:41:57 2025"
"bio2_sizeatage_plus_CV_and_SD.png","Length at age (top-left panel) with CV (thick line) and SD (thin line) of length at age shown in top-right and lower-left panels",NA,"Bio",2025-06-25 14:46:10.478933,"StartTime: Wed Jun 25 14:41:57 2025"
"bio3_sizeatage_plus_WT_and_MAT.png","Length at age (top-left panel) with weight (thick line) and maturity (thin line) shown in top-right and lower-left panels",NA,"Bio",2025-06-25 14:46:10.478933,"StartTime: Wed Jun 25 14:41:57 2025"
"bio1B_len_at_age_matrix_1.png","Distribution of length at age for seas: 1 sub_seas: 1 morph: 1",NA,"Bio",2025-06-25 14:46:10.478933,"StartTime: Wed Jun 25 14:41:57 2025"
"bio1B_len_at_age_matrix_2.png","Distribution of length at age for seas: 1 sub_seas: 1 morph: 2",NA,"Bio",2025-06-25 14:46:10.478933,"StartTime: Wed Jun 25 14:41:57 2025"
"bio1B_len_at_age_matrix_3.png","Distribution of length at age for seas: 1 sub_seas: 2 morph: 1",NA,"Bio",2025-06-25 14:46:10.478933,"StartTime: Wed Jun 25 14:41:57 2025"
"bio1B_len_at_age_matrix_4.png","Distribution of length at age for seas: 1 sub_seas: 2 morph: 2",NA,"Bio",2025-06-25 14:46:10.478933,"StartTime: Wed Jun 25 14:41:57 2025"
"bio5_weightatsize.png","Weight-length relationship",NA,"Bio",2025-06-25 14:46:10.478933,"StartTime: Wed Jun 25 14:41:57 2025"
"bio6_maturity.png","Maturity at length",NA,"Bio",2025-06-25 14:46:10.478933,"StartTime: Wed Jun 25 14:41:57 2025"
"bio8_fecundity_wt.png","Fecundity as a function of weight",NA,"Bio",2025-06-25 14:46:10.478933,"StartTime: Wed Jun 25 14:41:57 2025"
"bio9_fecundity_len.png","Fecundity as a function of length",NA,"Bio",2025-06-25 14:46:10.478933,"StartTime: Wed Jun 25 14:41:57 2025"
"bio10_spawningoutput_len.png","Spawning output at length. This is the product of maturity and fecundity unless maturity is age-based, in which case only fecundity is represented.",NA,"Bio",2025-06-25 14:46:10.478933,"StartTime: Wed Jun 25 14:41:57 2025"
"bio11_spawningoutput_age.png","Spawning output at age. This is the product of maturity and fecundity. When these processes are length-based they are converted into the age dimension using the matrix of length at age.",NA,"Bio",2025-06-25 14:46:10.478933,"StartTime: Wed Jun 25 14:41:57 2025"
"sel01_multiple_fleets_length1.png","Selectivity at length for multiple fleets.",NA,"Sel",2025-06-25 14:46:10.478933,"StartTime: Wed Jun 25 14:41:57 2025"
"sel02_multiple_fleets_age1.png","Selectivity at age for multiple fleets.",NA,"Sel",2025-06-25 14:46:10.478933,"StartTime: Wed Jun 25 14:41:57 2025"
"sel02_multiple_fleets_age2.png","Selectivity at age derived from selectivity at length for multiple fleets.",NA,"Sel",2025-06-25 14:46:10.478933,"StartTime: Wed Jun 25 14:41:57 2025"
"sel03_len_timevary_surf_flt1sex1.png","Surface plot of Female time-varying selectivity for NoCA_HKL",NA,"Sel",2025-06-25 14:46:10.478933,"StartTime: Wed Jun 25 14:41:57 2025"
"sel04_len_timevary_contour_flt1sex1.png","Countour plot of Female time-varying selectivity for NoCA_HKL",NA,"Sel",2025-06-25 14:46:10.478933,"StartTime: Wed Jun 25 14:41:57 2025"
"sel09_len_flt1sex1.png","Female ending year selectivity for NoCA_HKL",NA,"Sel",2025-06-25 14:46:10.478933,"StartTime: Wed Jun 25 14:41:57 2025"
"sel03_len_timevary_surf_flt1sex2.png","Surface plot of Male time-varying selectivity for NoCA_HKL",NA,"Sel",2025-06-25 14:46:10.478933,"StartTime: Wed Jun 25 14:41:57 2025"
"sel04_len_timevary_contour_flt1sex2.png","Countour plot of Male time-varying selectivity for NoCA_HKL",NA,"Sel",2025-06-25 14:46:10.478933,"StartTime: Wed Jun 25 14:41:57 2025"
"sel09_len_flt1sex2.png","Male ending year selectivity for NoCA_HKL",NA,"Sel",2025-06-25 14:46:10.478933,"StartTime: Wed Jun 25 14:41:57 2025"
"sel03_len_timevary_surf_flt2sex1.png","Surface plot of Female time-varying selectivity for SoCA_HKL",NA,"Sel",2025-06-25 14:46:10.478933,"StartTime: Wed Jun 25 14:41:57 2025"
"sel04_len_timevary_contour_flt2sex1.png","Countour plot of Female time-varying selectivity for SoCA_HKL",NA,"Sel",2025-06-25 14:46:10.478933,"StartTime: Wed Jun 25 14:41:57 2025"
"sel09_len_flt2sex1.png","Female ending year selectivity for SoCA_HKL",NA,"Sel",2025-06-25 14:46:10.478933,"StartTime: Wed Jun 25 14:41:57 2025"
"sel03_len_timevary_surf_flt2sex2.png","Surface plot of Male time-varying selectivity for SoCA_HKL",NA,"Sel",2025-06-25 14:46:10.478933,"StartTime: Wed Jun 25 14:41:57 2025"
"sel04_len_timevary_contour_flt2sex2.png","Countour plot of Male time-varying selectivity for SoCA_HKL",NA,"Sel",2025-06-25 14:46:10.478933,"StartTime: Wed Jun 25 14:41:57 2025"
"sel09_len_flt2sex2.png","Male ending year selectivity for SoCA_HKL",NA,"Sel",2025-06-25 14:46:10.478933,"StartTime: Wed Jun 25 14:41:57 2025"
"sel03_len_timevary_surf_flt3sex1.png","Surface plot of Female time-varying selectivity for CA_TWL",NA,"Sel",2025-06-25 14:46:10.478933,"StartTime: Wed Jun 25 14:41:57 2025"
"sel04_len_timevary_contour_flt3sex1.png","Countour plot of Female time-varying selectivity for CA_TWL",NA,"Sel",2025-06-25 14:46:10.478933,"StartTime: Wed Jun 25 14:41:57 2025"
"sel09_len_flt3sex1.png","Female ending year selectivity for CA_TWL",NA,"Sel",2025-06-25 14:46:10.478933,"StartTime: Wed Jun 25 14:41:57 2025"
"sel03_len_timevary_surf_flt3sex2.png","Surface plot of Male time-varying selectivity for CA_TWL",NA,"Sel",2025-06-25 14:46:10.478933,"StartTime: Wed Jun 25 14:41:57 2025"
"sel04_len_timevary_contour_flt3sex2.png","Countour plot of Male time-varying selectivity for CA_TWL",NA,"Sel",2025-06-25 14:46:10.478933,"StartTime: Wed Jun 25 14:41:57 2025"
"sel09_len_flt3sex2.png","Male ending year selectivity for CA_TWL",NA,"Sel",2025-06-25 14:46:10.478933,"StartTime: Wed Jun 25 14:41:57 2025"
"sel09_len_flt4sex1.png","Female ending year selectivity for OR_WA_Comm",NA,"Sel",2025-06-25 14:46:10.478933,"StartTime: Wed Jun 25 14:41:57 2025"
"sel09_len_flt4sex2.png","Male ending year selectivity for OR_WA_Comm",NA,"Sel",2025-06-25 14:46:10.478933,"StartTime: Wed Jun 25 14:41:57 2025"
"sel09_len_flt5sex1.png","Female ending year selectivity for CA_NET",NA,"Sel",2025-06-25 14:46:10.478933,"StartTime: Wed Jun 25 14:41:57 2025"
"sel09_len_flt5sex2.png","Male ending year selectivity for CA_NET",NA,"Sel",2025-06-25 14:46:10.478933,"StartTime: Wed Jun 25 14:41:57 2025"
"sel09_len_flt6sex1.png","Female ending year selectivity for NoCA_OR_WA_Rec",NA,"Sel",2025-06-25 14:46:10.478933,"StartTime: Wed Jun 25 14:41:57 2025"
"sel09_len_flt6sex2.png","Male ending year selectivity for NoCA_OR_WA_Rec",NA,"Sel",2025-06-25 14:46:10.478933,"StartTime: Wed Jun 25 14:41:57 2025"
"sel03_len_timevary_surf_flt7sex1.png","Surface plot of Female time-varying selectivity for SoCA_Rec",NA,"Sel",2025-06-25 14:46:10.478933,"StartTime: Wed Jun 25 14:41:57 2025"
"sel04_len_timevary_contour_flt7sex1.png","Countour plot of Female time-varying selectivity for SoCA_Rec",NA,"Sel",2025-06-25 14:46:10.478933,"StartTime: Wed Jun 25 14:41:57 2025"
"sel09_len_flt7sex1.png","Female ending year selectivity for SoCA_Rec",NA,"Sel",2025-06-25 14:46:10.478933,"StartTime: Wed Jun 25 14:41:57 2025"
"sel03_len_timevary_surf_flt7sex2.png","Surface plot of Male time-varying selectivity for SoCA_Rec",NA,"Sel",2025-06-25 14:46:10.478933,"StartTime: Wed Jun 25 14:41:57 2025"
"sel04_len_timevary_contour_flt7sex2.png","Countour plot of Male time-varying selectivity for SoCA_Rec",NA,"Sel",2025-06-25 14:46:10.478933,"StartTime: Wed Jun 25 14:41:57 2025"
"sel09_len_flt7sex2.png","Male ending year selectivity for SoCA_Rec",NA,"Sel",2025-06-25 14:46:10.478933,"StartTime: Wed Jun 25 14:41:57 2025"
"sel09_len_flt8sex1.png","Female ending year selectivity for TWL_discard",NA,"Sel",2025-06-25 14:46:10.478933,"StartTime: Wed Jun 25 14:41:57 2025"
"sel09_len_flt8sex2.png","Male ending year selectivity for TWL_discard",NA,"Sel",2025-06-25 14:46:10.478933,"StartTime: Wed Jun 25 14:41:57 2025"
"sel09_len_flt9sex1.png","Female ending year selectivity for WCGBT_Survey",NA,"Sel",2025-06-25 14:46:10.478933,"StartTime: Wed Jun 25 14:41:57 2025"
"sel09_len_flt9sex2.png","Male ending year selectivity for WCGBT_Survey",NA,"Sel",2025-06-25 14:46:10.478933,"StartTime: Wed Jun 25 14:41:57 2025"
"sel21_agelen_contour_flt1sex1.png","Female ending year selectivity and growth for NoCA_HKL",NA,"Sel",2025-06-25 14:46:10.478933,"StartTime: Wed Jun 25 14:41:57 2025"
"sel21_agelen_contour_flt1sex2.png","Male ending year selectivity and growth for NoCA_HKL",NA,"Sel",2025-06-25 14:46:10.478933,"StartTime: Wed Jun 25 14:41:57 2025"
"sel21_agelen_contour_flt2sex1.png","Female ending year selectivity and growth for SoCA_HKL",NA,"Sel",2025-06-25 14:46:10.478933,"StartTime: Wed Jun 25 14:41:57 2025"
"sel21_agelen_contour_flt2sex2.png","Male ending year selectivity and growth for SoCA_HKL",NA,"Sel",2025-06-25 14:46:10.478933,"StartTime: Wed Jun 25 14:41:57 2025"
"sel21_agelen_contour_flt3sex1.png","Female ending year selectivity and growth for CA_TWL",NA,"Sel",2025-06-25 14:46:10.478933,"StartTime: Wed Jun 25 14:41:57 2025"
"sel21_agelen_contour_flt3sex2.png","Male ending year selectivity and growth for CA_TWL",NA,"Sel",2025-06-25 14:46:10.478933,"StartTime: Wed Jun 25 14:41:57 2025"
"sel21_agelen_contour_flt4sex1.png","Female ending year selectivity and growth for OR_WA_Comm",NA,"Sel",2025-06-25 14:46:10.478933,"StartTime: Wed Jun 25 14:41:57 2025"
"sel21_agelen_contour_flt4sex2.png","Male ending year selectivity and growth for OR_WA_Comm",NA,"Sel",2025-06-25 14:46:10.478933,"StartTime: Wed Jun 25 14:41:57 2025"
"sel21_agelen_contour_flt5sex1.png","Female ending year selectivity and growth for CA_NET",NA,"Sel",2025-06-25 14:46:10.478933,"StartTime: Wed Jun 25 14:41:57 2025"
"sel21_agelen_contour_flt5sex2.png","Male ending year selectivity and growth for CA_NET",NA,"Sel",2025-06-25 14:46:10.478933,"StartTime: Wed Jun 25 14:41:57 2025"
"sel21_agelen_contour_flt6sex1.png","Female ending year selectivity and growth for NoCA_OR_WA_Rec",NA,"Sel",2025-06-25 14:46:10.478933,"StartTime: Wed Jun 25 14:41:57 2025"
"sel21_agelen_contour_flt6sex2.png","Male ending year selectivity and growth for NoCA_OR_WA_Rec",NA,"Sel",2025-06-25 14:46:10.478933,"StartTime: Wed Jun 25 14:41:57 2025"
"sel21_agelen_contour_flt7sex1.png","Female ending year selectivity and growth for SoCA_Rec",NA,"Sel",2025-06-25 14:46:10.478933,"StartTime: Wed Jun 25 14:41:57 2025"
"sel21_agelen_contour_flt7sex2.png","Male ending year selectivity and growth for SoCA_Rec",NA,"Sel",2025-06-25 14:46:10.478933,"StartTime: Wed Jun 25 14:41:57 2025"
"sel21_agelen_contour_flt8sex1.png","Female ending year selectivity and growth for TWL_discard",NA,"Sel",2025-06-25 14:46:10.478933,"StartTime: Wed Jun 25 14:41:57 2025"
"sel21_agelen_contour_flt8sex2.png","Male ending year selectivity and growth for TWL_discard",NA,"Sel",2025-06-25 14:46:10.478933,"StartTime: Wed Jun 25 14:41:57 2025"
"sel21_agelen_contour_flt9sex1.png","Female ending year selectivity and growth for WCGBT_Survey",NA,"Sel",2025-06-25 14:46:10.478933,"StartTime: Wed Jun 25 14:41:57 2025"
"sel21_agelen_contour_flt9sex2.png","Male ending year selectivity and growth for WCGBT_Survey",NA,"Sel",2025-06-25 14:46:10.478933,"StartTime: Wed Jun 25 14:41:57 2025"
"ts7_Spawning_output.png","Spawning output",NA,"Timeseries",2025-06-25 14:46:10.478933,"StartTime: Wed Jun 25 14:41:57 2025"
"ts9_Relative_spawning_output.png","Relative spawning output: B/B_0",NA,"Timeseries",2025-06-25 14:46:10.478933,"StartTime: Wed Jun 25 14:41:57 2025"
"ts1_Total_biomass_(t).png","Total biomass (t)",NA,"Timeseries",2025-06-25 14:46:10.478933,"StartTime: Wed Jun 25 14:41:57 2025"
"ts4_Summary_biomass_(t).png","Summary biomass (t)",NA,"Timeseries",2025-06-25 14:46:10.478933,"StartTime: Wed Jun 25 14:41:57 2025"
"ts11_Age-0_recruits_(1000s).png","Age-0 recruits (1,000s)",NA,"Timeseries",2025-06-25 14:46:10.478933,"StartTime: Wed Jun 25 14:41:57 2025"
"ts_summaryF.png","Summary F (definition of F depends on setting in starter.ss)",NA,"Timeseries",2025-06-25 14:46:10.478933,"StartTime: Wed Jun 25 14:41:57 2025"
"ts_DynamicB0.png","Dynamic B0 plot. The lower line shows the time series of estimated Spawning output in the presence of fishing mortality. The upper line shows the time series that could occur under the same dynamics (including deviations in recruitment), but without fishing. The point at the left represents the unfished equilibrium.",NA,"Timeseries",2025-06-25 14:46:10.478933,"StartTime: Wed Jun 25 14:41:57 2025"
"recdevs1_points.png","Recruitment deviations",NA,"RecDev",2025-06-25 14:46:10.478933,"StartTime: Wed Jun 25 14:41:57 2025"
"SR_curve.png","Stock-recruit curve.  Point colors indicate year, with warmer colors indicating earlier years and cooler colors in showing later years.",NA,"S-R",2025-06-25 14:46:10.478933,"StartTime: Wed Jun 25 14:41:57 2025"
"SR_curve2.png","Stock-recruit curve with labels on first, last, and years with (log) deviations > 0.5. Point colors indicate year, with warmer colors indicating earlier years and cooler colors in showing later years.",NA,"S-R",2025-06-25 14:46:10.478933,"StartTime: Wed Jun 25 14:41:57 2025"
"SR_resids.png","Deviations around the stock-recruit curve. Labels are on first, last, and years with (log) deviations > 0.5. Point colors indicate year, with warmer colors indicating earlier years and cooler colors in showing later years.",NA,"S-R",2025-06-25 14:46:10.478933,"StartTime: Wed Jun 25 14:41:57 2025"
"catch1_landings.png","landings",NA,"Catch",2025-06-25 14:46:10.478933,"StartTime: Wed Jun 25 14:41:57 2025"
"catch2_landings_stacked.png","landings_stacked",NA,"Catch",2025-06-25 14:46:10.478933,"StartTime: Wed Jun 25 14:41:57 2025"
"catch9_harvest_rate.png","harvest_rate",NA,"Catch",2025-06-25 14:46:10.478933,"StartTime: Wed Jun 25 14:41:57 2025"
"SPR1_series.png","Timeseries of SPR. Horizontal line is at SPR target: 0.5",NA,"SPR",2025-06-25 14:46:10.478933,"StartTime: Wed Jun 25 14:41:57 2025"
"SPR2_minusSPRseries.png","Timeseries of 1-SPR. Horizontal line is at 1 - SPR target: 1 - 0.5 = 0.5",NA,"SPR",2025-06-25 14:46:10.478933,"StartTime: Wed Jun 25 14:41:57 2025"
"SPR3_ratiointerval.png","Timeseries of SPR ratio: (1-SPR)/(1-SPR_50%)",NA,"SPR",2025-06-25 14:46:10.478933,"StartTime: Wed Jun 25 14:41:57 2025"
"SPR4_phase.png","Phase plot of biomass ratio vs. SPR ratio.<br> Each point represents the biomass ratio at the start of the year and the relative fishing intensity in that same year. Warmer colors (red) represent early years and colder colors (blue) represent recent years. The vertical line at 0.4 indicates the reference point as defined in the forecast.ss which can be removed from the plot via <code>SS_plots(..., btarg = -1)</code>. ",NA,"SPR",2025-06-25 14:46:10.478933,"StartTime: Wed Jun 25 14:41:57 2025"
"index1_cpuedata_CA_TWL.png","Index data for CA_TWL. Lines indicate 95% uncertainty interval around index values based on the model assumption of lognormal error. Thicker lines (if present) indicate input uncertainty before addition of estimated additional uncertainty parameter.",NA,"Index",2025-06-25 14:46:10.478933,"StartTime: Wed Jun 25 14:41:57 2025"
"index2_cpuefit_CA_TWL.png","Fit to index data for CA_TWL. Lines indicate 95% uncertainty interval around index values based on the model assumption of lognormal error. Thicker lines (if present) indicate input uncertainty before addition of estimated additional uncertainty parameter.",NA,"Index",2025-06-25 14:46:10.478933,"StartTime: Wed Jun 25 14:41:57 2025"
"index3_obs_vs_exp_CA_TWL.png","Observed vs. expected index values with smoother for CA_TWL",NA,"Index",2025-06-25 14:46:10.478933,"StartTime: Wed Jun 25 14:41:57 2025"
"index4_logcpuedata_CA_TWL.png","Log index data for CA_TWL. Lines indicate 95% uncertainty interval around index values based on the model assumption of lognormal error. Thicker lines (if present) indicate input uncertainty before addition of estimated additional uncertainty parameter.",NA,"Index",2025-06-25 14:46:10.478933,"StartTime: Wed Jun 25 14:41:57 2025"
"index5_logcpuefit_CA_TWL.png","Fit to log index data on log scale for CA_TWL. Lines indicate 95% uncertainty interval around index values based on the model assumption of lognormal error. Thicker lines (if present) indicate input uncertainty before addition of estimated additional uncertainty parameter.",NA,"Index",2025-06-25 14:46:10.478933,"StartTime: Wed Jun 25 14:41:57 2025"
"index6_log_obs_vs_exp_CA_TWL.png","log(observed) vs. log(expected) index values with smoother for CA_TWL",NA,"Index",2025-06-25 14:46:10.478933,"StartTime: Wed Jun 25 14:41:57 2025"
"index10_resids_SE_total_CA_TWL.png","Residuals of fit to index for CA_TWL.<br>Values are (log(Obs) - log(Exp))/SE where SE is the total standard error including any estimated additional uncertainty.",NA,"Index",2025-06-25 14:46:10.478933,"StartTime: Wed Jun 25 14:41:57 2025"
"index12_resids_SE_total_CA_TWL.png","Deviations for fit to index for CA_TWL.<br>Values are log(Obs) - log(Exp) and thus independent of index uncertainty.",NA,"Index",2025-06-25 14:46:10.478933,"StartTime: Wed Jun 25 14:41:57 2025"
"index1_cpuedata_NoCA_OR_WA_Rec.png","Index data for NoCA_OR_WA_Rec. Lines indicate 95% uncertainty interval around index values based on the model assumption of lognormal error. Thicker lines (if present) indicate input uncertainty before addition of estimated additional uncertainty parameter.",NA,"Index",2025-06-25 14:46:10.478933,"StartTime: Wed Jun 25 14:41:57 2025"
"index2_cpuefit_NoCA_OR_WA_Rec.png","Fit to index data for NoCA_OR_WA_Rec. Lines indicate 95% uncertainty interval around index values based on the model assumption of lognormal error. Thicker lines (if present) indicate input uncertainty before addition of estimated additional uncertainty parameter.",NA,"Index",2025-06-25 14:46:10.478933,"StartTime: Wed Jun 25 14:41:57 2025"
"index3_obs_vs_exp_NoCA_OR_WA_Rec.png","Observed vs. expected index values with smoother for NoCA_OR_WA_Rec",NA,"Index",2025-06-25 14:46:10.478933,"StartTime: Wed Jun 25 14:41:57 2025"
"index4_logcpuedata_NoCA_OR_WA_Rec.png","Log index data for NoCA_OR_WA_Rec. Lines indicate 95% uncertainty interval around index values based on the model assumption of lognormal error. Thicker lines (if present) indicate input uncertainty before addition of estimated additional uncertainty parameter.",NA,"Index",2025-06-25 14:46:10.478933,"StartTime: Wed Jun 25 14:41:57 2025"
"index5_logcpuefit_NoCA_OR_WA_Rec.png","Fit to log index data on log scale for NoCA_OR_WA_Rec. Lines indicate 95% uncertainty interval around index values based on the model assumption of lognormal error. Thicker lines (if present) indicate input uncertainty before addition of estimated additional uncertainty parameter.",NA,"Index",2025-06-25 14:46:10.478933,"StartTime: Wed Jun 25 14:41:57 2025"
"index6_log_obs_vs_exp_NoCA_OR_WA_Rec.png","log(observed) vs. log(expected) index values with smoother for NoCA_OR_WA_Rec",NA,"Index",2025-06-25 14:46:10.478933,"StartTime: Wed Jun 25 14:41:57 2025"
"index10_resids_SE_total_NoCA_OR_WA_Rec.png","Residuals of fit to index for NoCA_OR_WA_Rec.<br>Values are (log(Obs) - log(Exp))/SE where SE is the total standard error including any estimated additional uncertainty.",NA,"Index",2025-06-25 14:46:10.478933,"StartTime: Wed Jun 25 14:41:57 2025"
"index12_resids_SE_total_NoCA_OR_WA_Rec.png","Deviations for fit to index for NoCA_OR_WA_Rec.<br>Values are log(Obs) - log(Exp) and thus independent of index uncertainty.",NA,"Index",2025-06-25 14:46:10.478933,"StartTime: Wed Jun 25 14:41:57 2025"
"index1_cpuedata_WCGBT_Survey.png","Index data for WCGBT_Survey. Lines indicate 95% uncertainty interval around index values based on the model assumption of lognormal error. Thicker lines (if present) indicate input uncertainty before addition of estimated additional uncertainty parameter.",NA,"Index",2025-06-25 14:46:10.478933,"StartTime: Wed Jun 25 14:41:57 2025"
"index2_cpuefit_WCGBT_Survey.png","Fit to index data for WCGBT_Survey. Lines indicate 95% uncertainty interval around index values based on the model assumption of lognormal error. Thicker lines (if present) indicate input uncertainty before addition of estimated additional uncertainty parameter.",NA,"Index",2025-06-25 14:46:10.478933,"StartTime: Wed Jun 25 14:41:57 2025"
"index3_obs_vs_exp_WCGBT_Survey.png","Observed vs. expected index values with smoother for WCGBT_Survey",NA,"Index",2025-06-25 14:46:10.478933,"StartTime: Wed Jun 25 14:41:57 2025"
"index4_logcpuedata_WCGBT_Survey.png","Log index data for WCGBT_Survey. Lines indicate 95% uncertainty interval around index values based on the model assumption of lognormal error. Thicker lines (if present) indicate input uncertainty before addition of estimated additional uncertainty parameter.",NA,"Index",2025-06-25 14:46:10.478933,"StartTime: Wed Jun 25 14:41:57 2025"
"index5_logcpuefit_WCGBT_Survey.png","Fit to log index data on log scale for WCGBT_Survey. Lines indicate 95% uncertainty interval around index values based on the model assumption of lognormal error. Thicker lines (if present) indicate input uncertainty before addition of estimated additional uncertainty parameter.",NA,"Index",2025-06-25 14:46:10.478933,"StartTime: Wed Jun 25 14:41:57 2025"
"index6_log_obs_vs_exp_WCGBT_Survey.png","log(observed) vs. log(expected) index values with smoother for WCGBT_Survey",NA,"Index",2025-06-25 14:46:10.478933,"StartTime: Wed Jun 25 14:41:57 2025"
"index10_resids_SE_total_WCGBT_Survey.png","Residuals of fit to index for WCGBT_Survey.<br>Values are (log(Obs) - log(Exp))/SE where SE is the total standard error including any estimated additional uncertainty.",NA,"Index",2025-06-25 14:46:10.478933,"StartTime: Wed Jun 25 14:41:57 2025"
"index12_resids_SE_total_WCGBT_Survey.png","Deviations for fit to index for WCGBT_Survey.<br>Values are log(Obs) - log(Exp) and thus independent of index uncertainty.",NA,"Index",2025-06-25 14:46:10.478933,"StartTime: Wed Jun 25 14:41:57 2025"
"index1_cpuedata_Triennial_Survey.png","Index data for Triennial_Survey. Lines indicate 95% uncertainty interval around index values based on the model assumption of lognormal error. Thicker lines (if present) indicate input uncertainty before addition of estimated additional uncertainty parameter.",NA,"Index",2025-06-25 14:46:10.478933,"StartTime: Wed Jun 25 14:41:57 2025"
"index2_cpuefit_Triennial_Survey.png","Fit to index data for Triennial_Survey. Lines indicate 95% uncertainty interval around index values based on the model assumption of lognormal error. Thicker lines (if present) indicate input uncertainty before addition of estimated additional uncertainty parameter.",NA,"Index",2025-06-25 14:46:10.478933,"StartTime: Wed Jun 25 14:41:57 2025"
"index3_obs_vs_exp_Triennial_Survey.png","Observed vs. expected index values with smoother for Triennial_Survey",NA,"Index",2025-06-25 14:46:10.478933,"StartTime: Wed Jun 25 14:41:57 2025"
"index4_logcpuedata_Triennial_Survey.png","Log index data for Triennial_Survey. Lines indicate 95% uncertainty interval around index values based on the model assumption of lognormal error. Thicker lines (if present) indicate input uncertainty before addition of estimated additional uncertainty parameter.",NA,"Index",2025-06-25 14:46:10.478933,"StartTime: Wed Jun 25 14:41:57 2025"
"index5_logcpuefit_Triennial_Survey.png","Fit to log index data on log scale for Triennial_Survey. Lines indicate 95% uncertainty interval around index values based on the model assumption of lognormal error. Thicker lines (if present) indicate input uncertainty before addition of estimated additional uncertainty parameter.",NA,"Index",2025-06-25 14:46:10.478933,"StartTime: Wed Jun 25 14:41:57 2025"
"index6_log_obs_vs_exp_Triennial_Survey.png","log(observed) vs. log(expected) index values with smoother for Triennial_Survey",NA,"Index",2025-06-25 14:46:10.478933,"StartTime: Wed Jun 25 14:41:57 2025"
"index10_resids_SE_total_Triennial_Survey.png","Residuals of fit to index for Triennial_Survey.<br>Values are (log(Obs) - log(Exp))/SE where SE is the total standard error including any estimated additional uncertainty.",NA,"Index",2025-06-25 14:46:10.478933,"StartTime: Wed Jun 25 14:41:57 2025"
"index12_resids_SE_total_Triennial_Survey.png","Deviations for fit to index for Triennial_Survey.<br>Values are log(Obs) - log(Exp) and thus independent of index uncertainty.",NA,"Index",2025-06-25 14:46:10.478933,"StartTime: Wed Jun 25 14:41:57 2025"
"index1_cpuedata_CalCOFI_Survey.png","Index data for CalCOFI_Survey. Lines indicate 95% uncertainty interval around index values based on the model assumption of lognormal error. Thicker lines (if present) indicate input uncertainty before addition of estimated additional uncertainty parameter.",NA,"Index",2025-06-25 14:46:10.478933,"StartTime: Wed Jun 25 14:41:57 2025"
"index2_cpuefit_CalCOFI_Survey.png","Fit to index data for CalCOFI_Survey. Lines indicate 95% uncertainty interval around index values based on the model assumption of lognormal error. Thicker lines (if present) indicate input uncertainty before addition of estimated additional uncertainty parameter.",NA,"Index",2025-06-25 14:46:10.478933,"StartTime: Wed Jun 25 14:41:57 2025"
"index3_obs_vs_exp_CalCOFI_Survey.png","Observed vs. expected index values with smoother for CalCOFI_Survey",NA,"Index",2025-06-25 14:46:10.478933,"StartTime: Wed Jun 25 14:41:57 2025"
"index4_logcpuedata_CalCOFI_Survey.png","Log index data for CalCOFI_Survey. Lines indicate 95% uncertainty interval around index values based on the model assumption of lognormal error. Thicker lines (if present) indicate input uncertainty before addition of estimated additional uncertainty parameter.",NA,"Index",2025-06-25 14:46:10.478933,"StartTime: Wed Jun 25 14:41:57 2025"
"index5_logcpuefit_CalCOFI_Survey.png","Fit to log index data on log scale for CalCOFI_Survey. Lines indicate 95% uncertainty interval around index values based on the model assumption of lognormal error. Thicker lines (if present) indicate input uncertainty before addition of estimated additional uncertainty parameter.",NA,"Index",2025-06-25 14:46:10.478933,"StartTime: Wed Jun 25 14:41:57 2025"
"index6_log_obs_vs_exp_CalCOFI_Survey.png","log(observed) vs. log(expected) index values with smoother for CalCOFI_Survey",NA,"Index",2025-06-25 14:46:10.478933,"StartTime: Wed Jun 25 14:41:57 2025"
"index10_resids_SE_total_CalCOFI_Survey.png","Residuals of fit to index for CalCOFI_Survey.<br>Values are (log(Obs) - log(Exp))/SE where SE is the total standard error including any estimated additional uncertainty.",NA,"Index",2025-06-25 14:46:10.478933,"StartTime: Wed Jun 25 14:41:57 2025"
"index12_resids_SE_total_CalCOFI_Survey.png","Deviations for fit to index for CalCOFI_Survey.<br>Values are log(Obs) - log(Exp) and thus independent of index uncertainty.",NA,"Index",2025-06-25 14:46:10.478933,"StartTime: Wed Jun 25 14:41:57 2025"
"index1_cpuedata_RREAS_YOY_Survey.png","Index data for RREAS_YOY_Survey. Lines indicate 95% uncertainty interval around index values based on the model assumption of lognormal error. Thicker lines (if present) indicate input uncertainty before addition of estimated additional uncertainty parameter.",NA,"Index",2025-06-25 14:46:10.478933,"StartTime: Wed Jun 25 14:41:57 2025"
"index2_cpuefit_RREAS_YOY_Survey.png","Fit to index data for RREAS_YOY_Survey. Lines indicate 95% uncertainty interval around index values based on the model assumption of lognormal error. Thicker lines (if present) indicate input uncertainty before addition of estimated additional uncertainty parameter.",NA,"Index",2025-06-25 14:46:10.478933,"StartTime: Wed Jun 25 14:41:57 2025"
"index3_obs_vs_exp_RREAS_YOY_Survey.png","Observed vs. expected index values with smoother for RREAS_YOY_Survey",NA,"Index",2025-06-25 14:46:10.478933,"StartTime: Wed Jun 25 14:41:57 2025"
"index4_logcpuedata_RREAS_YOY_Survey.png","Log index data for RREAS_YOY_Survey. Lines indicate 95% uncertainty interval around index values based on the model assumption of lognormal error. Thicker lines (if present) indicate input uncertainty before addition of estimated additional uncertainty parameter.",NA,"Index",2025-06-25 14:46:10.478933,"StartTime: Wed Jun 25 14:41:57 2025"
"index5_logcpuefit_RREAS_YOY_Survey.png","Fit to log index data on log scale for RREAS_YOY_Survey. Lines indicate 95% uncertainty interval around index values based on the model assumption of lognormal error. Thicker lines (if present) indicate input uncertainty before addition of estimated additional uncertainty parameter.",NA,"Index",2025-06-25 14:46:10.478933,"StartTime: Wed Jun 25 14:41:57 2025"
"index6_log_obs_vs_exp_RREAS_YOY_Survey.png","log(observed) vs. log(expected) index values with smoother for RREAS_YOY_Survey",NA,"Index",2025-06-25 14:46:10.478933,"StartTime: Wed Jun 25 14:41:57 2025"
"index10_resids_SE_total_RREAS_YOY_Survey.png","Residuals of fit to index for RREAS_YOY_Survey.<br>Values are (log(Obs) - log(Exp))/SE where SE is the total standard error including any estimated additional uncertainty.",NA,"Index",2025-06-25 14:46:10.478933,"StartTime: Wed Jun 25 14:41:57 2025"
"index12_resids_SE_total_RREAS_YOY_Survey.png","Deviations for fit to index for RREAS_YOY_Survey.<br>Values are log(Obs) - log(Exp) and thus independent of index uncertainty.",NA,"Index",2025-06-25 14:46:10.478933,"StartTime: Wed Jun 25 14:41:57 2025"
"index9_standcpueall.png","Standardized indices overlaid. Each index is rescaled to have mean observation = 1.0.",NA,"Index",2025-06-25 14:46:10.478933,"StartTime: Wed Jun 25 14:41:57 2025"
"numbers1_sex1_beg.png","Beginning of year expected numbers at age of females in (max ~ 67.5 million)",NA,"Numbers",2025-06-25 14:46:10.478933,"StartTime: Wed Jun 25 14:41:57 2025"
"numbers1_sex2_beg.png","Beginning of year expected numbers at age of males in (max ~ 68.9 million)",NA,"Numbers",2025-06-25 14:46:10.478933,"StartTime: Wed Jun 25 14:41:57 2025"
"numbers2_meanage_beg.png","Beginning of year mean age in the population",NA,"Numbers",2025-06-25 14:46:10.478933,"StartTime: Wed Jun 25 14:41:57 2025"
"numbers1_sex1_mid.png","Middle of year expected numbers at age of females in (max ~ 61.8 million)",NA,"Numbers",2025-06-25 14:46:10.478933,"StartTime: Wed Jun 25 14:41:57 2025"
"numbers1_sex2_mid.png","Middle of year expected numbers at age of males in (max ~ 61.5 million)",NA,"Numbers",2025-06-25 14:46:10.478933,"StartTime: Wed Jun 25 14:41:57 2025"
"numbers2_meanage_mid.png","Middle of year mean age in the population",NA,"Numbers",2025-06-25 14:46:10.478933,"StartTime: Wed Jun 25 14:41:57 2025"
"numbers3_frac_female_age.png","Fraction female in numbers at age",NA,"Numbers",2025-06-25 14:46:10.478933,"StartTime: Wed Jun 25 14:41:57 2025"
"numbers6_len_sex1.png","Beginning of year expected numbers at length of females in (max ~ 55.4 million)",NA,"Numbers",2025-06-25 14:46:10.478933,"StartTime: Wed Jun 25 14:41:57 2025"
"numbers6_len_sex2.png","Beginning of year expected numbers at length of males in (max ~ 52.7 million)",NA,"Numbers",2025-06-25 14:46:10.478933,"StartTime: Wed Jun 25 14:41:57 2025"
"numbers7_meanlen.png","Beginning of year mean length (cm) in the population",NA,"Numbers",2025-06-25 14:46:10.478933,"StartTime: Wed Jun 25 14:41:57 2025"
"numbers6_len_sex1.png","Middle of year expected numbers at length of females in (max ~ 31.7 million)",NA,"Numbers",2025-06-25 14:46:10.478933,"StartTime: Wed Jun 25 14:41:57 2025"
"numbers6_len_sex2.png","Middle of year expected numbers at length of males in (max ~ 29.7 million)",NA,"Numbers",2025-06-25 14:46:10.478933,"StartTime: Wed Jun 25 14:41:57 2025"
"numbers7_meanlen.png","Middle of year mean length (cm) in the population",NA,"Numbers",2025-06-25 14:46:10.478933,"StartTime: Wed Jun 25 14:41:57 2025"
"numbers8_frac_female_len.png","Fraction female in numbers at length",NA,"Numbers",2025-06-25 14:46:10.478933,"StartTime: Wed Jun 25 14:41:57 2025"
"numbers4_equilagecomp.png","Equilibrium age distribution",NA,"Numbers",2025-06-25 14:46:10.478933,"StartTime: Wed Jun 25 14:41:57 2025"
"numbers5_ageerrorSD.png","Ageing imprecision: SD of observed age (yr)",NA,"Numbers",2025-06-25 14:46:10.478933,"StartTime: Wed Jun 25 14:41:57 2025"
"numbers10_ageerror_matrix_1.png","Distribution of observed age at true age 
 for ageing error type 1",NA,"Numbers",2025-06-25 14:46:10.478933,"StartTime: Wed Jun 25 14:41:57 2025"
"numbers10_ageerror_matrix_2.png","Distribution of observed age at true age 
 for ageing error type 2",NA,"Numbers",2025-06-25 14:46:10.478933,"StartTime: Wed Jun 25 14:41:57 2025"
"numbers10_ageerror_matrix_3.png","Distribution of observed age at true age 
 for ageing error type 3",NA,"Numbers",2025-06-25 14:46:10.478933,"StartTime: Wed Jun 25 14:41:57 2025"
"comp_lendat__aggregated_across_time.png","Length comp data, aggregated across time by fleet.
 <br> Labels 'retained' and 'discard' indicate discarded or retained sampled for each fleet. Panels without this designation represent the whole catch.
",NA,"CompDat",2025-06-25 14:46:10.478933,"StartTime: Wed Jun 25 14:41:57 2025"
"comp_lendat__page1_multi-fleet_comparison.png","Length comp data,  comparing across fleets (plot 1 of 2)",NA,"CompDat",2025-06-25 14:46:10.478933,"StartTime: Wed Jun 25 14:41:57 2025"
"comp_lendat__page2_multi-fleet_comparison.png","Length comp data,  comparing across fleets (plot 2 of 2)",NA,"CompDat",2025-06-25 14:46:10.478933,"StartTime: Wed Jun 25 14:41:57 2025"
"comp_lendat_flt1mkt0_page1.png","Length comp data, whole catch, NoCA_HKL (plot 1 of 2).<br><br>'N adj.' is the input sample size after data-weighting adjustment. N eff. is the calculated effective sample size used in the McAllister-Ianelli tuning method.",NA,"CompDat",2025-06-25 14:46:10.478933,"StartTime: Wed Jun 25 14:41:57 2025"
"comp_lendat_flt1mkt0_page2.png","Length comp data, whole catch, NoCA_HKL (plot 1 of 2).<br><br>'N adj.' is the input sample size after data-weighting adjustment. N eff. is the calculated effective sample size used in the McAllister-Ianelli tuning method. (plot 2 of 2)",NA,"CompDat",2025-06-25 14:46:10.478933,"StartTime: Wed Jun 25 14:41:57 2025"
"comp_lendat_bubflt1mkt0_page2.png","Length comp data, whole catch, NoCA_HKL (max=0.64) (plot 2 of 2)",NA,"CompDat",2025-06-25 14:46:10.478933,"StartTime: Wed Jun 25 14:41:57 2025"
"comp_lendat_data_weighting_TA1-8_NoCA_HKL.png","Mean length for NoCA_HKL with 95% confidence intervals based on current sample sizes.",NA,"CompDat",2025-06-25 14:46:10.478933,"StartTime: Wed Jun 25 14:41:57 2025"
"comp_lendat_flt2mkt0.png","Length comp data, whole catch, SoCA_HKL.<br><br>'N adj.' is the input sample size after data-weighting adjustment. N eff. is the calculated effective sample size used in the McAllister-Ianelli tuning method.",NA,"CompDat",2025-06-25 14:46:10.478933,"StartTime: Wed Jun 25 14:41:57 2025"
"comp_lendat_bubflt2mkt0.png","Length comp data, whole catch, SoCA_HKL (max=0.39)",NA,"CompDat",2025-06-25 14:46:10.478933,"StartTime: Wed Jun 25 14:41:57 2025"
"comp_lendat_data_weighting_TA1-8_SoCA_HKL.png","Mean length for SoCA_HKL with 95% confidence intervals based on current sample sizes.",NA,"CompDat",2025-06-25 14:46:10.478933,"StartTime: Wed Jun 25 14:41:57 2025"
"comp_lendat_flt3mkt0_page1.png","Length comp data, whole catch, CA_TWL (plot 1 of 2).<br><br>'N adj.' is the input sample size after data-weighting adjustment. N eff. is the calculated effective sample size used in the McAllister-Ianelli tuning method.",NA,"CompDat",2025-06-25 14:46:10.478933,"StartTime: Wed Jun 25 14:41:57 2025"
"comp_lendat_flt3mkt0_page2.png","Length comp data, whole catch, CA_TWL (plot 1 of 2).<br><br>'N adj.' is the input sample size after data-weighting adjustment. N eff. is the calculated effective sample size used in the McAllister-Ianelli tuning method. (plot 2 of 2)",NA,"CompDat",2025-06-25 14:46:10.478933,"StartTime: Wed Jun 25 14:41:57 2025"
"comp_lendat_bubflt3mkt0_page2.png","Length comp data, whole catch, CA_TWL (max=0.39) (plot 2 of 2)",NA,"CompDat",2025-06-25 14:46:10.478933,"StartTime: Wed Jun 25 14:41:57 2025"
"comp_lendat_data_weighting_TA1-8_CA_TWL.png","Mean length for CA_TWL with 95% confidence intervals based on current sample sizes.",NA,"CompDat",2025-06-25 14:46:10.478933,"StartTime: Wed Jun 25 14:41:57 2025"
"comp_lendat_flt4mkt0.png","Length comp data, whole catch, OR_WA_Comm.<br><br>'N adj.' is the input sample size after data-weighting adjustment. N eff. is the calculated effective sample size used in the McAllister-Ianelli tuning method.",NA,"CompDat",2025-06-25 14:46:10.478933,"StartTime: Wed Jun 25 14:41:57 2025"
"comp_lendat_bubflt4mkt0.png","Length comp data, whole catch, OR_WA_Comm (max=0.38)",NA,"CompDat",2025-06-25 14:46:10.478933,"StartTime: Wed Jun 25 14:41:57 2025"
"comp_lendat_data_weighting_TA1-8_OR_WA_Comm.png","Mean length for OR_WA_Comm with 95% confidence intervals based on current sample sizes.",NA,"CompDat",2025-06-25 14:46:10.478933,"StartTime: Wed Jun 25 14:41:57 2025"
"comp_lendat_flt5mkt0.png","Length comp data, whole catch, CA_NET.<br><br>'N adj.' is the input sample size after data-weighting adjustment. N eff. is the calculated effective sample size used in the McAllister-Ianelli tuning method.",NA,"CompDat",2025-06-25 14:46:10.478933,"StartTime: Wed Jun 25 14:41:57 2025"
"comp_lendat_bubflt5mkt0.png","Length comp data, whole catch, CA_NET (max=0.34)",NA,"CompDat",2025-06-25 14:46:10.478933,"StartTime: Wed Jun 25 14:41:57 2025"
"comp_lendat_data_weighting_TA1-8_CA_NET.png","Mean length for CA_NET with 95% confidence intervals based on current sample sizes.",NA,"CompDat",2025-06-25 14:46:10.478933,"StartTime: Wed Jun 25 14:41:57 2025"
"comp_lendat_flt6mkt0_page1.png","Length comp data, whole catch, NoCA_OR_WA_Rec (plot 1 of 2).<br><br>'N adj.' is the input sample size after data-weighting adjustment. N eff. is the calculated effective sample size used in the McAllister-Ianelli tuning method.",NA,"CompDat",2025-06-25 14:46:10.478933,"StartTime: Wed Jun 25 14:41:57 2025"
"comp_lendat_flt6mkt0_page2.png","Length comp data, whole catch, NoCA_OR_WA_Rec (plot 1 of 2).<br><br>'N adj.' is the input sample size after data-weighting adjustment. N eff. is the calculated effective sample size used in the McAllister-Ianelli tuning method. (plot 2 of 2)",NA,"CompDat",2025-06-25 14:46:10.478933,"StartTime: Wed Jun 25 14:41:57 2025"
"comp_lendat_bubflt6mkt0_page2.png","Length comp data, whole catch, NoCA_OR_WA_Rec (max=0.6) (plot 2 of 2)",NA,"CompDat",2025-06-25 14:46:10.478933,"StartTime: Wed Jun 25 14:41:57 2025"
"comp_lendat_data_weighting_TA1-8_NoCA_OR_WA_Rec.png","Mean length for NoCA_OR_WA_Rec with 95% confidence intervals based on current sample sizes.",NA,"CompDat",2025-06-25 14:46:10.478933,"StartTime: Wed Jun 25 14:41:57 2025"
"comp_lendat_flt7mkt0_page1.png","Length comp data, whole catch, SoCA_Rec (plot 1 of 2).<br><br>'N adj.' is the input sample size after data-weighting adjustment. N eff. is the calculated effective sample size used in the McAllister-Ianelli tuning method.",NA,"CompDat",2025-06-25 14:46:10.478933,"StartTime: Wed Jun 25 14:41:57 2025"
"comp_lendat_flt7mkt0_page2.png","Length comp data, whole catch, SoCA_Rec (plot 1 of 2).<br><br>'N adj.' is the input sample size after data-weighting adjustment. N eff. is the calculated effective sample size used in the McAllister-Ianelli tuning method. (plot 2 of 2)",NA,"CompDat",2025-06-25 14:46:10.478933,"StartTime: Wed Jun 25 14:41:57 2025"
"comp_lendat_bubflt7mkt0_page2.png","Length comp data, whole catch, SoCA_Rec (max=0.51) (plot 2 of 2)",NA,"CompDat",2025-06-25 14:46:10.478933,"StartTime: Wed Jun 25 14:41:57 2025"
"comp_lendat_data_weighting_TA1-8_SoCA_Rec.png","Mean length for SoCA_Rec with 95% confidence intervals based on current sample sizes.",NA,"CompDat",2025-06-25 14:46:10.478933,"StartTime: Wed Jun 25 14:41:57 2025"
"comp_lendat_flt8mkt0.png","Length comp data, whole catch, TWL_discard.<br><br>'N adj.' is the input sample size after data-weighting adjustment. N eff. is the calculated effective sample size used in the McAllister-Ianelli tuning method.",NA,"CompDat",2025-06-25 14:46:10.478933,"StartTime: Wed Jun 25 14:41:57 2025"
"comp_lendat_bubflt8mkt0.png","Length comp data, whole catch, TWL_discard (max=0.38)",NA,"CompDat",2025-06-25 14:46:10.478933,"StartTime: Wed Jun 25 14:41:57 2025"
"comp_lendat_data_weighting_TA1-8_TWL_discard.png","Mean length for TWL_discard with 95% confidence intervals based on current sample sizes.",NA,"CompDat",2025-06-25 14:46:10.478933,"StartTime: Wed Jun 25 14:41:57 2025"
"comp_lendat_flt9mkt0.png","Length comp data, whole catch, WCGBT_Survey.<br><br>'N adj.' is the input sample size after data-weighting adjustment. N eff. is the calculated effective sample size used in the McAllister-Ianelli tuning method.",NA,"CompDat",2025-06-25 14:46:10.478933,"StartTime: Wed Jun 25 14:41:57 2025"
"comp_lendat_bubflt9mkt0.png","Length comp data, whole catch, WCGBT_Survey (max=0.21)",NA,"CompDat",2025-06-25 14:46:10.478933,"StartTime: Wed Jun 25 14:41:57 2025"
"comp_lendat_data_weighting_TA1-8_WCGBT_Survey.png","Mean length for WCGBT_Survey with 95% confidence intervals based on current sample sizes.",NA,"CompDat",2025-06-25 14:46:10.478933,"StartTime: Wed Jun 25 14:41:57 2025"
"comp_lendat_flt10mkt0.png","Length comp data, whole catch, Triennial_Survey.<br><br>'N adj.' is the input sample size after data-weighting adjustment. N eff. is the calculated effective sample size used in the McAllister-Ianelli tuning method.",NA,"CompDat",2025-06-25 14:46:10.478933,"StartTime: Wed Jun 25 14:41:57 2025"
"comp_lendat_bubflt10mkt0.png","Length comp data, whole catch, Triennial_Survey (max=0.26)",NA,"CompDat",2025-06-25 14:46:10.478933,"StartTime: Wed Jun 25 14:41:57 2025"
"comp_lendat_data_weighting_TA1-8_Triennial_Survey.png","Mean length for Triennial_Survey with 95% confidence intervals based on current sample sizes.",NA,"CompDat",2025-06-25 14:46:10.478933,"StartTime: Wed Jun 25 14:41:57 2025"
"sexratio_data_len_flt1mkt0_page1.png","Sex ratios for length comps, whole catch, NoCA_HKL (plot 1 of 2).<br>Observed sex ratios (points) with 75% intervals (vertical lines) calculated as a <a href='https://www.jstor.org/stable/2676784'>Jeffreys interval</a> based on the adjusted input sample size.",NA,"CompDat",2025-06-25 14:46:10.478933,"StartTime: Wed Jun 25 14:41:57 2025"
"sexratio_data_len_flt1mkt0_page2.png","Sex ratios for length comps, whole catch, NoCA_HKL (plot 1 of 2).<br>Observed sex ratios (points) with 75% intervals (vertical lines) calculated as a <a href='https://www.jstor.org/stable/2676784'>Jeffreys interval</a> based on the adjusted input sample size. (plot 2 of 2)",NA,"CompDat",2025-06-25 14:46:10.478933,"StartTime: Wed Jun 25 14:41:57 2025"
"sexratio_data_len_flt3mkt0_page1.png","Sex ratios for length comps, whole catch, CA_TWL (plot 1 of 2).<br>Observed sex ratios (points) with 75% intervals (vertical lines) calculated as a <a href='https://www.jstor.org/stable/2676784'>Jeffreys interval</a> based on the adjusted input sample size.",NA,"CompDat",2025-06-25 14:46:10.478933,"StartTime: Wed Jun 25 14:41:57 2025"
"sexratio_data_len_flt3mkt0_page2.png","Sex ratios for length comps, whole catch, CA_TWL (plot 1 of 2).<br>Observed sex ratios (points) with 75% intervals (vertical lines) calculated as a <a href='https://www.jstor.org/stable/2676784'>Jeffreys interval</a> based on the adjusted input sample size. (plot 2 of 2)",NA,"CompDat",2025-06-25 14:46:10.478933,"StartTime: Wed Jun 25 14:41:57 2025"
"sexratio_data_len_flt4mkt0.png","Sex ratios for length comps, whole catch, OR_WA_Comm.<br>Observed sex ratios (points) with 75% intervals (vertical lines) calculated as a <a href='https://www.jstor.org/stable/2676784'>Jeffreys interval</a> based on the adjusted input sample size.",NA,"CompDat",2025-06-25 14:46:10.478933,"StartTime: Wed Jun 25 14:41:57 2025"
"sexratio_data_len_flt5mkt0.png","Sex ratios for length comps, whole catch, CA_NET.<br>Observed sex ratios (points) with 75% intervals (vertical lines) calculated as a <a href='https://www.jstor.org/stable/2676784'>Jeffreys interval</a> based on the adjusted input sample size.",NA,"CompDat",2025-06-25 14:46:10.478933,"StartTime: Wed Jun 25 14:41:57 2025"
"sexratio_data_len_flt9mkt0.png","Sex ratios for length comps, whole catch, WCGBT_Survey.<br>Observed sex ratios (points) with 75% intervals (vertical lines) calculated as a <a href='https://www.jstor.org/stable/2676784'>Jeffreys interval</a> based on the adjusted input sample size.",NA,"CompDat",2025-06-25 14:46:10.478933,"StartTime: Wed Jun 25 14:41:57 2025"
"sexratio_data_len_flt10mkt0.png","Sex ratios for length comps, whole catch, Triennial_Survey.<br>Observed sex ratios (points) with 75% intervals (vertical lines) calculated as a <a href='https://www.jstor.org/stable/2676784'>Jeffreys interval</a> based on the adjusted input sample size.",NA,"CompDat",2025-06-25 14:46:10.478933,"StartTime: Wed Jun 25 14:41:57 2025"
"comp_condAALdat_bubflt1mkt0_page1.png","Conditional age-at-length data, whole catch, NoCA_HKL (max=1) (plot 1 of 3)",NA,"CompDat",2025-06-25 14:46:10.478933,"StartTime: Wed Jun 25 14:41:57 2025"
"comp_condAALdat_bubflt1mkt0_page2.png","Conditional age-at-length data, whole catch, NoCA_HKL (max=1) (plot 2 of 3)",NA,"CompDat",2025-06-25 14:46:10.478933,"StartTime: Wed Jun 25 14:41:57 2025"
"comp_condAALdat_bubflt1mkt0_page3.png","Conditional age-at-length data, whole catch, NoCA_HKL (max=1) (plot 3 of 3)",NA,"CompDat",2025-06-25 14:46:10.478933,"StartTime: Wed Jun 25 14:41:57 2025"
"comp_condAALdat_bubflt3mkt0_page1.png","Conditional age-at-length data, whole catch, CA_TWL (max=1) (plot 1 of 6)",NA,"CompDat",2025-06-25 14:46:10.478933,"StartTime: Wed Jun 25 14:41:57 2025"
"comp_condAALdat_bubflt3mkt0_page2.png","Conditional age-at-length data, whole catch, CA_TWL (max=1) (plot 2 of 6)",NA,"CompDat",2025-06-25 14:46:10.478933,"StartTime: Wed Jun 25 14:41:57 2025"
"comp_condAALdat_bubflt3mkt0_page3.png","Conditional age-at-length data, whole catch, CA_TWL (max=1) (plot 3 of 6)",NA,"CompDat",2025-06-25 14:46:10.478933,"StartTime: Wed Jun 25 14:41:57 2025"
"comp_condAALdat_bubflt3mkt0_page4.png","Conditional age-at-length data, whole catch, CA_TWL (max=1) (plot 4 of 6)",NA,"CompDat",2025-06-25 14:46:10.478933,"StartTime: Wed Jun 25 14:41:57 2025"
"comp_condAALdat_bubflt3mkt0_page5.png","Conditional age-at-length data, whole catch, CA_TWL (max=1) (plot 5 of 6)",NA,"CompDat",2025-06-25 14:46:10.478933,"StartTime: Wed Jun 25 14:41:57 2025"
"comp_condAALdat_bubflt3mkt0_page6.png","Conditional age-at-length data, whole catch, CA_TWL (max=1) (plot 6 of 6)",NA,"CompDat",2025-06-25 14:46:10.478933,"StartTime: Wed Jun 25 14:41:57 2025"
"comp_condAALdat_bubflt4mkt0.png","Conditional age-at-length data, whole catch, OR_WA_Comm (max=1)",NA,"CompDat",2025-06-25 14:46:10.478933,"StartTime: Wed Jun 25 14:41:57 2025"
"comp_condAALdat_bubflt5mkt0_page1.png","Conditional age-at-length data, whole catch, CA_NET (max=1) (plot 1 of 2)",NA,"CompDat",2025-06-25 14:46:10.478933,"StartTime: Wed Jun 25 14:41:57 2025"
"comp_condAALdat_bubflt5mkt0_page2.png","Conditional age-at-length data, whole catch, CA_NET (max=1) (plot 2 of 2)",NA,"CompDat",2025-06-25 14:46:10.478933,"StartTime: Wed Jun 25 14:41:57 2025"
"comp_condAALdat_bubflt6mkt0.png","Conditional age-at-length data, whole catch, NoCA_OR_WA_Rec (max=1)",NA,"CompDat",2025-06-25 14:46:10.478933,"StartTime: Wed Jun 25 14:41:57 2025"
"comp_condAALdat_bubflt9mkt0_page1.png","Conditional age-at-length data, whole catch, WCGBT_Survey (max=1) (plot 1 of 3)",NA,"CompDat",2025-06-25 14:46:10.478933,"StartTime: Wed Jun 25 14:41:57 2025"
"comp_condAALdat_bubflt9mkt0_page2.png","Conditional age-at-length data, whole catch, WCGBT_Survey (max=1) (plot 2 of 3)",NA,"CompDat",2025-06-25 14:46:10.478933,"StartTime: Wed Jun 25 14:41:57 2025"
"comp_condAALdat_bubflt9mkt0_page3.png","Conditional age-at-length data, whole catch, WCGBT_Survey (max=1) (plot 3 of 3)",NA,"CompDat",2025-06-25 14:46:10.478933,"StartTime: Wed Jun 25 14:41:57 2025"
"comp_condAALdat_bubflt10mkt0.png","Conditional age-at-length data, whole catch, Triennial_Survey (max=1)",NA,"CompDat",2025-06-25 14:46:10.478933,"StartTime: Wed Jun 25 14:41:57 2025"
"comp_lenfit__aggregated_across_time.png","Length comps, aggregated across time by fleet.
 <br> Labels 'retained' and 'discard' indicate discarded or retained sampled for each fleet. Panels without this designation represent the whole catch.
",NA,"LenComp",2025-06-25 14:46:10.478933,"StartTime: Wed Jun 25 14:41:57 2025"
"comp_lenfit__page1_multi-fleet_comparison.png","Pearson residuals,  comparing across fleets (plot 1 of 2) <br> 
Closed bubbles are positive residuals (observed > expected) and open bubbles are negative residuals (observed < expected).",NA,"LenComp",2025-06-25 14:46:10.478933,"StartTime: Wed Jun 25 14:41:57 2025"
"comp_lenfit__page2_multi-fleet_comparison.png","Pearson residuals,  comparing across fleets (plot 2 of 2)",NA,"LenComp",2025-06-25 14:46:10.478933,"StartTime: Wed Jun 25 14:41:57 2025"
"comp_lenfit_flt1mkt0_page1.png","Length comps, whole catch, NoCA_HKL (plot 1 of 2).<br><br>'N adj.' is the input sample size after data-weighting adjustment. N eff. is the calculated effective sample size used in the McAllister-Ianelli tuning method.",NA,"LenComp",2025-06-25 14:46:10.478933,"StartTime: Wed Jun 25 14:41:57 2025"
"comp_lenfit_flt1mkt0_page2.png","Length comps, whole catch, NoCA_HKL (plot 1 of 2).<br><br>'N adj.' is the input sample size after data-weighting adjustment. N eff. is the calculated effective sample size used in the McAllister-Ianelli tuning method. (plot 2 of 2)",NA,"LenComp",2025-06-25 14:46:10.478933,"StartTime: Wed Jun 25 14:41:57 2025"
"comp_lenfit_residsflt1mkt0_page2.png","Pearson residuals, whole catch, NoCA_HKL (max=12.43) (plot 2 of 2) <br> 
Closed bubbles are positive residuals (observed > expected) and open bubbles are negative residuals (observed < expected).",NA,"LenComp",2025-06-25 14:46:10.478933,"StartTime: Wed Jun 25 14:41:57 2025"
"comp_lenfit_sampsize_flt1mkt0.png","N-EffN comparison, Length comps, whole catch, NoCA_HKL",NA,"LenComp",2025-06-25 14:46:10.478933,"StartTime: Wed Jun 25 14:41:57 2025"
"comp_lenfit_data_weighting_TA1-8_NoCA_HKL.png","Mean length for NoCA_HKL with 95% confidence intervals based on current sample sizes.<br>Francis data weighting method TA1.8: thinner intervals (with capped ends) show result of further adjusting sample sizes based on suggested multiplier (with 95% interval) for len data from NoCA_HKL:<br>1.0009 (0.6647-1.8706) <br>For more info, see  <a href=https://doi.org/10.1139/f2011-025> Francis (2011)</a>.",NA,"LenComp",2025-06-25 14:46:10.478933,"StartTime: Wed Jun 25 14:41:57 2025"
"comp_lenfit_flt2mkt0.png","Length comps, whole catch, SoCA_HKL.<br><br>'N adj.' is the input sample size after data-weighting adjustment. N eff. is the calculated effective sample size used in the McAllister-Ianelli tuning method.",NA,"LenComp",2025-06-25 14:46:10.478933,"StartTime: Wed Jun 25 14:41:57 2025"
"comp_lenfit_residsflt2mkt0.png","Pearson residuals, whole catch, SoCA_HKL (max=51.32) <br> 
Closed bubbles are positive residuals (observed > expected) and open bubbles are negative residuals (observed < expected).",NA,"LenComp",2025-06-25 14:46:10.478933,"StartTime: Wed Jun 25 14:41:57 2025"
"comp_lenfit_sampsize_flt2mkt0.png","N-EffN comparison, Length comps, whole catch, SoCA_HKL",NA,"LenComp",2025-06-25 14:46:10.478933,"StartTime: Wed Jun 25 14:41:57 2025"
"comp_lenfit_data_weighting_TA1-8_SoCA_HKL.png","Mean length for SoCA_HKL with 95% confidence intervals based on current sample sizes.<br>Francis data weighting method TA1.8: thinner intervals (with capped ends) show result of further adjusting sample sizes based on suggested multiplier (with 95% interval) for len data from SoCA_HKL:<br>1.0005 (0.6896-1.9203) <br>For more info, see  <a href=https://doi.org/10.1139/f2011-025> Francis (2011)</a>.",NA,"LenComp",2025-06-25 14:46:10.478933,"StartTime: Wed Jun 25 14:41:57 2025"
"comp_lenfit_flt3mkt0_page1.png","Length comps, whole catch, CA_TWL (plot 1 of 2).<br><br>'N adj.' is the input sample size after data-weighting adjustment. N eff. is the calculated effective sample size used in the McAllister-Ianelli tuning method.",NA,"LenComp",2025-06-25 14:46:10.478933,"StartTime: Wed Jun 25 14:41:57 2025"
"comp_lenfit_flt3mkt0_page2.png","Length comps, whole catch, CA_TWL (plot 1 of 2).<br><br>'N adj.' is the input sample size after data-weighting adjustment. N eff. is the calculated effective sample size used in the McAllister-Ianelli tuning method. (plot 2 of 2)",NA,"LenComp",2025-06-25 14:46:10.478933,"StartTime: Wed Jun 25 14:41:57 2025"
"comp_lenfit_residsflt3mkt0_page2.png","Pearson residuals, whole catch, CA_TWL (max=53.49) (plot 2 of 2) <br> 
Closed bubbles are positive residuals (observed > expected) and open bubbles are negative residuals (observed < expected).",NA,"LenComp",2025-06-25 14:46:10.478933,"StartTime: Wed Jun 25 14:41:57 2025"
"comp_lenfit_sampsize_flt3mkt0.png","N-EffN comparison, Length comps, whole catch, CA_TWL",NA,"LenComp",2025-06-25 14:46:10.478933,"StartTime: Wed Jun 25 14:41:57 2025"
"comp_lenfit_data_weighting_TA1-8_CA_TWL.png","Mean length for CA_TWL with 95% confidence intervals based on current sample sizes.<br>Francis data weighting method TA1.8: thinner intervals (with capped ends) show result of further adjusting sample sizes based on suggested multiplier (with 95% interval) for len data from CA_TWL:<br>1.0007 (0.6757-1.704) <br>For more info, see  <a href=https://doi.org/10.1139/f2011-025> Francis (2011)</a>.",NA,"LenComp",2025-06-25 14:46:10.478933,"StartTime: Wed Jun 25 14:41:57 2025"
"comp_lenfit_flt4mkt0.png","Length comps, whole catch, OR_WA_Comm.<br><br>'N adj.' is the input sample size after data-weighting adjustment. N eff. is the calculated effective sample size used in the McAllister-Ianelli tuning method.",NA,"LenComp",2025-06-25 14:46:10.478933,"StartTime: Wed Jun 25 14:41:57 2025"
"comp_lenfit_residsflt4mkt0.png","Pearson residuals, whole catch, OR_WA_Comm (max=6.33) <br> 
Closed bubbles are positive residuals (observed > expected) and open bubbles are negative residuals (observed < expected).",NA,"LenComp",2025-06-25 14:46:10.478933,"StartTime: Wed Jun 25 14:41:57 2025"
"comp_lenfit_sampsize_flt4mkt0.png","N-EffN comparison, Length comps, whole catch, OR_WA_Comm",NA,"LenComp",2025-06-25 14:46:10.478933,"StartTime: Wed Jun 25 14:41:57 2025"
"comp_lenfit_data_weighting_TA1-8_OR_WA_Comm.png","Mean length for OR_WA_Comm with 95% confidence intervals based on current sample sizes.<br>Francis data weighting method TA1.8: thinner intervals (with capped ends) show result of further adjusting sample sizes based on suggested multiplier (with 95% interval) for len data from OR_WA_Comm:<br>1.0001 (0.5844-3.9345) <br>For more info, see  <a href=https://doi.org/10.1139/f2011-025> Francis (2011)</a>.",NA,"LenComp",2025-06-25 14:46:10.478933,"StartTime: Wed Jun 25 14:41:57 2025"
"comp_lenfit_flt5mkt0.png","Length comps, whole catch, CA_NET.<br><br>'N adj.' is the input sample size after data-weighting adjustment. N eff. is the calculated effective sample size used in the McAllister-Ianelli tuning method.",NA,"LenComp",2025-06-25 14:46:10.478933,"StartTime: Wed Jun 25 14:41:57 2025"
"comp_lenfit_residsflt5mkt0.png","Pearson residuals, whole catch, CA_NET (max=9.97) <br> 
Closed bubbles are positive residuals (observed > expected) and open bubbles are negative residuals (observed < expected).",NA,"LenComp",2025-06-25 14:46:10.478933,"StartTime: Wed Jun 25 14:41:57 2025"
"comp_lenfit_sampsize_flt5mkt0.png","N-EffN comparison, Length comps, whole catch, CA_NET",NA,"LenComp",2025-06-25 14:46:10.478933,"StartTime: Wed Jun 25 14:41:57 2025"
"comp_lenfit_data_weighting_TA1-8_CA_NET.png","Mean length for CA_NET with 95% confidence intervals based on current sample sizes.<br>Francis data weighting method TA1.8: thinner intervals (with capped ends) show result of further adjusting sample sizes based on suggested multiplier (with 95% interval) for len data from CA_NET:<br>1 (0.5801-2.6645) <br>For more info, see  <a href=https://doi.org/10.1139/f2011-025> Francis (2011)</a>.",NA,"LenComp",2025-06-25 14:46:10.478933,"StartTime: Wed Jun 25 14:41:57 2025"
"comp_lenfit_flt6mkt0_page1.png","Length comps, whole catch, NoCA_OR_WA_Rec (plot 1 of 2).<br><br>'N adj.' is the input sample size after data-weighting adjustment. N eff. is the calculated effective sample size used in the McAllister-Ianelli tuning method.",NA,"LenComp",2025-06-25 14:46:10.478933,"StartTime: Wed Jun 25 14:41:57 2025"
"comp_lenfit_flt6mkt0_page2.png","Length comps, whole catch, NoCA_OR_WA_Rec (plot 1 of 2).<br><br>'N adj.' is the input sample size after data-weighting adjustment. N eff. is the calculated effective sample size used in the McAllister-Ianelli tuning method. (plot 2 of 2)",NA,"LenComp",2025-06-25 14:46:10.478933,"StartTime: Wed Jun 25 14:41:57 2025"
"comp_lenfit_residsflt6mkt0_page2.png","Pearson residuals, whole catch, NoCA_OR_WA_Rec (max=41.01) (plot 2 of 2) <br> 
Closed bubbles are positive residuals (observed > expected) and open bubbles are negative residuals (observed < expected).",NA,"LenComp",2025-06-25 14:46:10.478933,"StartTime: Wed Jun 25 14:41:57 2025"
"comp_lenfit_sampsize_flt6mkt0.png","N-EffN comparison, Length comps, whole catch, NoCA_OR_WA_Rec",NA,"LenComp",2025-06-25 14:46:10.478933,"StartTime: Wed Jun 25 14:41:57 2025"
"comp_lenfit_data_weighting_TA1-8_NoCA_OR_WA_Rec.png","Mean length for NoCA_OR_WA_Rec with 95% confidence intervals based on current sample sizes.<br>Francis data weighting method TA1.8: thinner intervals (with capped ends) show result of further adjusting sample sizes based on suggested multiplier (with 95% interval) for len data from NoCA_OR_WA_Rec:<br>1.0015 (0.74-1.5645) <br>For more info, see  <a href=https://doi.org/10.1139/f2011-025> Francis (2011)</a>.",NA,"LenComp",2025-06-25 14:46:10.478933,"StartTime: Wed Jun 25 14:41:57 2025"
"comp_lenfit_flt7mkt0_page1.png","Length comps, whole catch, SoCA_Rec (plot 1 of 2).<br><br>'N adj.' is the input sample size after data-weighting adjustment. N eff. is the calculated effective sample size used in the McAllister-Ianelli tuning method.",NA,"LenComp",2025-06-25 14:46:10.478933,"StartTime: Wed Jun 25 14:41:57 2025"
"comp_lenfit_flt7mkt0_page2.png","Length comps, whole catch, SoCA_Rec (plot 1 of 2).<br><br>'N adj.' is the input sample size after data-weighting adjustment. N eff. is the calculated effective sample size used in the McAllister-Ianelli tuning method. (plot 2 of 2)",NA,"LenComp",2025-06-25 14:46:10.478933,"StartTime: Wed Jun 25 14:41:57 2025"
"comp_lenfit_residsflt7mkt0_page2.png","Pearson residuals, whole catch, SoCA_Rec (max=10.83) (plot 2 of 2) <br> 
Closed bubbles are positive residuals (observed > expected) and open bubbles are negative residuals (observed < expected).",NA,"LenComp",2025-06-25 14:46:10.478933,"StartTime: Wed Jun 25 14:41:57 2025"
"comp_lenfit_sampsize_flt7mkt0.png","N-EffN comparison, Length comps, whole catch, SoCA_Rec",NA,"LenComp",2025-06-25 14:46:10.478933,"StartTime: Wed Jun 25 14:41:57 2025"
"comp_lenfit_data_weighting_TA1-8_SoCA_Rec.png","Mean length for SoCA_Rec with 95% confidence intervals based on current sample sizes.<br>Francis data weighting method TA1.8: thinner intervals (with capped ends) show result of further adjusting sample sizes based on suggested multiplier (with 95% interval) for len data from SoCA_Rec:<br>1.0004 (0.6435-1.9246) <br>For more info, see  <a href=https://doi.org/10.1139/f2011-025> Francis (2011)</a>.",NA,"LenComp",2025-06-25 14:46:10.478933,"StartTime: Wed Jun 25 14:41:57 2025"
"comp_lenfit_flt8mkt0.png","Length comps, whole catch, TWL_discard.<br><br>'N adj.' is the input sample size after data-weighting adjustment. N eff. is the calculated effective sample size used in the McAllister-Ianelli tuning method.",NA,"LenComp",2025-06-25 14:46:10.478933,"StartTime: Wed Jun 25 14:41:57 2025"
"comp_lenfit_residsflt8mkt0.png","Pearson residuals, whole catch, TWL_discard (max=2.26) <br> 
Closed bubbles are positive residuals (observed > expected) and open bubbles are negative residuals (observed < expected).",NA,"LenComp",2025-06-25 14:46:10.478933,"StartTime: Wed Jun 25 14:41:57 2025"
"comp_lenfit_sampsize_flt8mkt0.png","N-EffN comparison, Length comps, whole catch, TWL_discard",NA,"LenComp",2025-06-25 14:46:10.478933,"StartTime: Wed Jun 25 14:41:57 2025"
"comp_lenfit_data_weighting_TA1-8_TWL_discard.png","Mean length for TWL_discard with 95% confidence intervals based on current sample sizes.<br>Francis data weighting method TA1.8: thinner intervals (with capped ends) show result of further adjusting sample sizes based on suggested multiplier (with 95% interval) for len data from TWL_discard:<br>0.9995 (0.6306-3.8978) <br>For more info, see  <a href=https://doi.org/10.1139/f2011-025> Francis (2011)</a>.",NA,"LenComp",2025-06-25 14:46:10.478933,"StartTime: Wed Jun 25 14:41:57 2025"
"comp_lenfit_flt9mkt0.png","Length comps, whole catch, WCGBT_Survey.<br><br>'N adj.' is the input sample size after data-weighting adjustment. N eff. is the calculated effective sample size used in the McAllister-Ianelli tuning method.",NA,"LenComp",2025-06-25 14:46:10.478933,"StartTime: Wed Jun 25 14:41:57 2025"
"comp_lenfit_residsflt9mkt0.png","Pearson residuals, whole catch, WCGBT_Survey (max=114.42) <br> 
Closed bubbles are positive residuals (observed > expected) and open bubbles are negative residuals (observed < expected).",NA,"LenComp",2025-06-25 14:46:10.478933,"StartTime: Wed Jun 25 14:41:57 2025"
"comp_lenfit_sampsize_flt9mkt0.png","N-EffN comparison, Length comps, whole catch, WCGBT_Survey",NA,"LenComp",2025-06-25 14:46:10.478933,"StartTime: Wed Jun 25 14:41:57 2025"
"comp_lenfit_data_weighting_TA1-8_WCGBT_Survey.png","Mean length for WCGBT_Survey with 95% confidence intervals based on current sample sizes.<br>Francis data weighting method TA1.8: thinner intervals (with capped ends) show result of further adjusting sample sizes based on suggested multiplier (with 95% interval) for len data from WCGBT_Survey:<br>0.9993 (0.6178-2.2699) <br>For more info, see  <a href=https://doi.org/10.1139/f2011-025> Francis (2011)</a>.",NA,"LenComp",2025-06-25 14:46:10.478933,"StartTime: Wed Jun 25 14:41:57 2025"
"comp_lenfit_flt10mkt0.png","Length comps, whole catch, Triennial_Survey.<br><br>'N adj.' is the input sample size after data-weighting adjustment. N eff. is the calculated effective sample size used in the McAllister-Ianelli tuning method.",NA,"LenComp",2025-06-25 14:46:10.478933,"StartTime: Wed Jun 25 14:41:57 2025"
"comp_lenfit_residsflt10mkt0.png","Pearson residuals, whole catch, Triennial_Survey (max=3.17) <br> 
Closed bubbles are positive residuals (observed > expected) and open bubbles are negative residuals (observed < expected).",NA,"LenComp",2025-06-25 14:46:10.478933,"StartTime: Wed Jun 25 14:41:57 2025"
"comp_lenfit_sampsize_flt10mkt0.png","N-EffN comparison, Length comps, whole catch, Triennial_Survey",NA,"LenComp",2025-06-25 14:46:10.478933,"StartTime: Wed Jun 25 14:41:57 2025"
"comp_lenfit_data_weighting_TA1-8_Triennial_Survey.png","Mean length for Triennial_Survey with 95% confidence intervals based on current sample sizes.<br>Francis data weighting method TA1.8: thinner intervals (with capped ends) show result of further adjusting sample sizes based on suggested multiplier (with 95% interval) for len data from Triennial_Survey:<br>1.0009 (0.6827-4.7623) <br>For more info, see  <a href=https://doi.org/10.1139/f2011-025> Francis (2011)</a>.",NA,"LenComp",2025-06-25 14:46:10.478933,"StartTime: Wed Jun 25 14:41:57 2025"
"sexratio_len_flt1mkt0_page1.png","Sex ratios for length comps, whole catch, NoCA_HKL (plot 1 of 2).<br>Observed sex ratios (points) with 75% intervals (vertical lines) calculated as a <a href='https://www.jstor.org/stable/2676784'>Jeffreys interval</a> based on the adjusted input sample size. The model expectation is shown  in the purple line.",NA,"LenComp",2025-06-25 14:46:10.478933,"StartTime: Wed Jun 25 14:41:57 2025"
"sexratio_len_flt1mkt0_page2.png","Sex ratios for length comps, whole catch, NoCA_HKL (plot 1 of 2).<br>Observed sex ratios (points) with 75% intervals (vertical lines) calculated as a <a href='https://www.jstor.org/stable/2676784'>Jeffreys interval</a> based on the adjusted input sample size. The model expectation is shown  in the purple line. (plot 2 of 2)",NA,"LenComp",2025-06-25 14:46:10.478933,"StartTime: Wed Jun 25 14:41:57 2025"
"sexratio_len_flt3mkt0_page1.png","Sex ratios for length comps, whole catch, CA_TWL (plot 1 of 2).<br>Observed sex ratios (points) with 75% intervals (vertical lines) calculated as a <a href='https://www.jstor.org/stable/2676784'>Jeffreys interval</a> based on the adjusted input sample size. The model expectation is shown  in the purple line.",NA,"LenComp",2025-06-25 14:46:10.478933,"StartTime: Wed Jun 25 14:41:57 2025"
"sexratio_len_flt3mkt0_page2.png","Sex ratios for length comps, whole catch, CA_TWL (plot 1 of 2).<br>Observed sex ratios (points) with 75% intervals (vertical lines) calculated as a <a href='https://www.jstor.org/stable/2676784'>Jeffreys interval</a> based on the adjusted input sample size. The model expectation is shown  in the purple line. (plot 2 of 2)",NA,"LenComp",2025-06-25 14:46:10.478933,"StartTime: Wed Jun 25 14:41:57 2025"
"sexratio_len_flt4mkt0.png","Sex ratios for length comps, whole catch, OR_WA_Comm.<br>Observed sex ratios (points) with 75% intervals (vertical lines) calculated as a <a href='https://www.jstor.org/stable/2676784'>Jeffreys interval</a> based on the adjusted input sample size. The model expectation is shown  in the purple line.",NA,"LenComp",2025-06-25 14:46:10.478933,"StartTime: Wed Jun 25 14:41:57 2025"
"sexratio_len_flt5mkt0.png","Sex ratios for length comps, whole catch, CA_NET.<br>Observed sex ratios (points) with 75% intervals (vertical lines) calculated as a <a href='https://www.jstor.org/stable/2676784'>Jeffreys interval</a> based on the adjusted input sample size. The model expectation is shown  in the purple line.",NA,"LenComp",2025-06-25 14:46:10.478933,"StartTime: Wed Jun 25 14:41:57 2025"
"sexratio_len_flt9mkt0.png","Sex ratios for length comps, whole catch, WCGBT_Survey.<br>Observed sex ratios (points) with 75% intervals (vertical lines) calculated as a <a href='https://www.jstor.org/stable/2676784'>Jeffreys interval</a> based on the adjusted input sample size. The model expectation is shown  in the purple line.",NA,"LenComp",2025-06-25 14:46:10.478933,"StartTime: Wed Jun 25 14:41:57 2025"
"sexratio_len_flt10mkt0.png","Sex ratios for length comps, whole catch, Triennial_Survey.<br>Observed sex ratios (points) with 75% intervals (vertical lines) calculated as a <a href='https://www.jstor.org/stable/2676784'>Jeffreys interval</a> based on the adjusted input sample size. The model expectation is shown  in the purple line.",NA,"LenComp",2025-06-25 14:46:10.478933,"StartTime: Wed Jun 25 14:41:57 2025"
"comp_condAALfit_residsflt1mkt0_page1.png","Pearson residuals, whole catch, NoCA_HKL (max=167.45) (plot 1 of 3)",NA,"A@LComp",2025-06-25 14:46:10.478933,"StartTime: Wed Jun 25 14:41:57 2025"
"comp_condAALfit_residsflt1mkt0_page2.png","Pearson residuals, whole catch, NoCA_HKL (max=167.45) (plot 2 of 3)",NA,"A@LComp",2025-06-25 14:46:10.478933,"StartTime: Wed Jun 25 14:41:57 2025"
"comp_condAALfit_residsflt1mkt0_page3.png","Pearson residuals, whole catch, NoCA_HKL (max=167.45) (plot 3 of 3)",NA,"A@LComp",2025-06-25 14:46:10.478933,"StartTime: Wed Jun 25 14:41:57 2025"
"comp_condAALfit_residsflt3mkt0_page1.png","Pearson residuals, whole catch, CA_TWL (max=176.46) (plot 1 of 6)",NA,"A@LComp",2025-06-25 14:46:10.478933,"StartTime: Wed Jun 25 14:41:57 2025"
"comp_condAALfit_residsflt3mkt0_page2.png","Pearson residuals, whole catch, CA_TWL (max=176.46) (plot 2 of 6)",NA,"A@LComp",2025-06-25 14:46:10.478933,"StartTime: Wed Jun 25 14:41:57 2025"
"comp_condAALfit_residsflt3mkt0_page3.png","Pearson residuals, whole catch, CA_TWL (max=176.46) (plot 3 of 6)",NA,"A@LComp",2025-06-25 14:46:10.478933,"StartTime: Wed Jun 25 14:41:57 2025"
"comp_condAALfit_residsflt3mkt0_page4.png","Pearson residuals, whole catch, CA_TWL (max=176.46) (plot 4 of 6)",NA,"A@LComp",2025-06-25 14:46:10.478933,"StartTime: Wed Jun 25 14:41:57 2025"
"comp_condAALfit_residsflt3mkt0_page5.png","Pearson residuals, whole catch, CA_TWL (max=176.46) (plot 5 of 6)",NA,"A@LComp",2025-06-25 14:46:10.478933,"StartTime: Wed Jun 25 14:41:57 2025"
"comp_condAALfit_residsflt3mkt0_page6.png","Pearson residuals, whole catch, CA_TWL (max=176.46) (plot 6 of 6)",NA,"A@LComp",2025-06-25 14:46:10.478933,"StartTime: Wed Jun 25 14:41:57 2025"
"comp_condAALfit_residsflt4mkt0.png","Pearson residuals, whole catch, OR_WA_Comm (max=28.03)",NA,"A@LComp",2025-06-25 14:46:10.478933,"StartTime: Wed Jun 25 14:41:57 2025"
"comp_condAALfit_residsflt5mkt0_page1.png","Pearson residuals, whole catch, CA_NET (max=178.18) (plot 1 of 2)",NA,"A@LComp",2025-06-25 14:46:10.478933,"StartTime: Wed Jun 25 14:41:57 2025"
"comp_condAALfit_residsflt5mkt0_page2.png","Pearson residuals, whole catch, CA_NET (max=178.18) (plot 2 of 2)",NA,"A@LComp",2025-06-25 14:46:10.478933,"StartTime: Wed Jun 25 14:41:57 2025"
"comp_condAALfit_residsflt6mkt0.png","Pearson residuals, whole catch, NoCA_OR_WA_Rec (max=21.25)",NA,"A@LComp",2025-06-25 14:46:10.478933,"StartTime: Wed Jun 25 14:41:57 2025"
"comp_condAALfit_residsflt9mkt0_page1.png","Pearson residuals, whole catch, WCGBT_Survey (max=170.74) (plot 1 of 3)",NA,"A@LComp",2025-06-25 14:46:10.478933,"StartTime: Wed Jun 25 14:41:57 2025"
"comp_condAALfit_residsflt9mkt0_page2.png","Pearson residuals, whole catch, WCGBT_Survey (max=170.74) (plot 2 of 3)",NA,"A@LComp",2025-06-25 14:46:10.478933,"StartTime: Wed Jun 25 14:41:57 2025"
"comp_condAALfit_residsflt9mkt0_page3.png","Pearson residuals, whole catch, WCGBT_Survey (max=170.74) (plot 3 of 3)",NA,"A@LComp",2025-06-25 14:46:10.478933,"StartTime: Wed Jun 25 14:41:57 2025"
"comp_condAALfit_residsflt10mkt0.png","Pearson residuals, whole catch, Triennial_Survey (max=20.47)",NA,"A@LComp",2025-06-25 14:46:10.478933,"StartTime: Wed Jun 25 14:41:57 2025"
"comp_condAALfit_data_weighting_TA1-8_condAgeNoCA_HKL.png","Mean age from conditional data (aggregated across length bins) for NoCA_HKL with 95% confidence intervals  based on current samples sizes.<br>Francis data weighting method TA1.8: thinner intervals (with capped ends) show result of further adjusting sample sizes based on suggested multiplier (with 95% interval) for conditional age-at-length data from NoCA_HKL:<br>0.9984 (0.4857-7.1884) <br>For more info, see  <a href=https://doi.org/10.1139/f2011-025> Francis (2011)</a> and  <a href=https://doi.org/10.1016/j.fishres.2015.12.006> Punt (2017)</a>.",NA,"A@LComp",2025-06-25 14:46:10.478933,"StartTime: Wed Jun 25 14:41:57 2025"
"comp_condAALfit_Andre_plotsflt1mkt0_page1.png","Conditional AAL plot, whole catch, NoCA_HKL (plot 1 of 6)
These plots show mean age and std. dev. in conditional A@L.<br>Left plots are mean A@L by size-class (obs. and exp.) with 90% CIs based on adding 1.64 SE of mean to the data.<br>Right plots in each pair are SE of mean A@L (obs. and exp.) with 90% CIs based on the chi-square distribution.",NA,"A@LComp",2025-06-25 14:46:10.478933,"StartTime: Wed Jun 25 14:41:57 2025"
"comp_condAALfit_Andre_plotsflt1mkt0_page2.png","Conditional AAL plot, whole catch, NoCA_HKL (plot 2 of 6)",NA,"A@LComp",2025-06-25 14:46:10.478933,"StartTime: Wed Jun 25 14:41:57 2025"
"comp_condAALfit_Andre_plotsflt1mkt0_page3.png","Conditional AAL plot, whole catch, NoCA_HKL (plot 3 of 6)",NA,"A@LComp",2025-06-25 14:46:10.478933,"StartTime: Wed Jun 25 14:41:57 2025"
"comp_condAALfit_Andre_plotsflt1mkt0_page4.png","Conditional AAL plot, whole catch, NoCA_HKL (plot 4 of 6)",NA,"A@LComp",2025-06-25 14:46:10.478933,"StartTime: Wed Jun 25 14:41:57 2025"
"comp_condAALfit_Andre_plotsflt1mkt0_page5.png","Conditional AAL plot, whole catch, NoCA_HKL (plot 5 of 6)",NA,"A@LComp",2025-06-25 14:46:10.478933,"StartTime: Wed Jun 25 14:41:57 2025"
"comp_condAALfit_Andre_plotsflt1mkt0_page6.png","Conditional AAL plot, whole catch, NoCA_HKL (plot 6 of 6)",NA,"A@LComp",2025-06-25 14:46:10.478933,"StartTime: Wed Jun 25 14:41:57 2025"
"comp_condAALfit_data_weighting_TA1-8_condAgeCA_TWL.png","Mean age from conditional data (aggregated across length bins) for CA_TWL with 95% confidence intervals  based on current samples sizes.<br>Francis data weighting method TA1.8: thinner intervals (with capped ends) show result of further adjusting sample sizes based on suggested multiplier (with 95% interval) for conditional age-at-length data from CA_TWL:<br>0.9978 (0.5771-2.3617) <br>For more info, see  <a href=https://doi.org/10.1139/f2011-025> Francis (2011)</a> and  <a href=https://doi.org/10.1016/j.fishres.2015.12.006> Punt (2017)</a>.",NA,"A@LComp",2025-06-25 14:46:10.478933,"StartTime: Wed Jun 25 14:41:57 2025"
"comp_condAALfit_Andre_plotsflt3mkt0_page1.png","Conditional AAL plot, whole catch, CA_TWL (plot 1 of 11)
These plots show mean age and std. dev. in conditional A@L.<br>Left plots are mean A@L by size-class (obs. and exp.) with 90% CIs based on adding 1.64 SE of mean to the data.<br>Right plots in each pair are SE of mean A@L (obs. and exp.) with 90% CIs based on the chi-square distribution.",NA,"A@LComp",2025-06-25 14:46:10.478933,"StartTime: Wed Jun 25 14:41:57 2025"
"comp_condAALfit_Andre_plotsflt3mkt0_page2.png","Conditional AAL plot, whole catch, CA_TWL (plot 2 of 11)",NA,"A@LComp",2025-06-25 14:46:10.478933,"StartTime: Wed Jun 25 14:41:57 2025"
"comp_condAALfit_Andre_plotsflt3mkt0_page3.png","Conditional AAL plot, whole catch, CA_TWL (plot 3 of 11)",NA,"A@LComp",2025-06-25 14:46:10.478933,"StartTime: Wed Jun 25 14:41:57 2025"
"comp_condAALfit_Andre_plotsflt3mkt0_page4.png","Conditional AAL plot, whole catch, CA_TWL (plot 4 of 11)",NA,"A@LComp",2025-06-25 14:46:10.478933,"StartTime: Wed Jun 25 14:41:57 2025"
"comp_condAALfit_Andre_plotsflt3mkt0_page5.png","Conditional AAL plot, whole catch, CA_TWL (plot 5 of 11)",NA,"A@LComp",2025-06-25 14:46:10.478933,"StartTime: Wed Jun 25 14:41:57 2025"
"comp_condAALfit_Andre_plotsflt3mkt0_page6.png","Conditional AAL plot, whole catch, CA_TWL (plot 6 of 11)",NA,"A@LComp",2025-06-25 14:46:10.478933,"StartTime: Wed Jun 25 14:41:57 2025"
"comp_condAALfit_Andre_plotsflt3mkt0_page7.png","Conditional AAL plot, whole catch, CA_TWL (plot 7 of 11)",NA,"A@LComp",2025-06-25 14:46:10.478933,"StartTime: Wed Jun 25 14:41:57 2025"
"comp_condAALfit_Andre_plotsflt3mkt0_page8.png","Conditional AAL plot, whole catch, CA_TWL (plot 8 of 11)",NA,"A@LComp",2025-06-25 14:46:10.478933,"StartTime: Wed Jun 25 14:41:57 2025"
"comp_condAALfit_Andre_plotsflt3mkt0_page9.png","Conditional AAL plot, whole catch, CA_TWL (plot 9 of 11)",NA,"A@LComp",2025-06-25 14:46:10.478933,"StartTime: Wed Jun 25 14:41:57 2025"
"comp_condAALfit_Andre_plotsflt3mkt0_page10.png","Conditional AAL plot, whole catch, CA_TWL (plot 10 of 11)",NA,"A@LComp",2025-06-25 14:46:10.478933,"StartTime: Wed Jun 25 14:41:57 2025"
"comp_condAALfit_Andre_plotsflt3mkt0_page11.png","Conditional AAL plot, whole catch, CA_TWL (plot 11 of 11)",NA,"A@LComp",2025-06-25 14:46:10.478933,"StartTime: Wed Jun 25 14:41:57 2025"
"comp_condAALfit_data_weighting_TA1-8_condAgeOR_WA_Comm.png","Mean age from conditional data (aggregated across length bins) for OR_WA_Comm with 95% confidence intervals  based on current samples sizes.<br>Francis data weighting method TA1.8: thinner intervals (with capped ends) show result of further adjusting sample sizes based on suggested multiplier (with 95% interval) for conditional age-at-length data from OR_WA_Comm:<br>7.4582 (4.8138-41.7601) <br>For more info, see  <a href=https://doi.org/10.1139/f2011-025> Francis (2011)</a> and  <a href=https://doi.org/10.1016/j.fishres.2015.12.006> Punt (2017)</a>.",NA,"A@LComp",2025-06-25 14:46:10.478933,"StartTime: Wed Jun 25 14:41:57 2025"
"comp_condAALfit_Andre_plotsflt4mkt0_page1.png","Conditional AAL plot, whole catch, OR_WA_Comm (plot 1 of 2)
These plots show mean age and std. dev. in conditional A@L.<br>Left plots are mean A@L by size-class (obs. and exp.) with 90% CIs based on adding 1.64 SE of mean to the data.<br>Right plots in each pair are SE of mean A@L (obs. and exp.) with 90% CIs based on the chi-square distribution.",NA,"A@LComp",2025-06-25 14:46:10.478933,"StartTime: Wed Jun 25 14:41:57 2025"
"comp_condAALfit_Andre_plotsflt4mkt0_page2.png","Conditional AAL plot, whole catch, OR_WA_Comm (plot 2 of 2)",NA,"A@LComp",2025-06-25 14:46:10.478933,"StartTime: Wed Jun 25 14:41:57 2025"
"comp_condAALfit_data_weighting_TA1-8_condAgeCA_NET.png","Mean age from conditional data (aggregated across length bins) for CA_NET with 95% confidence intervals  based on current samples sizes.<br>Francis data weighting method TA1.8: thinner intervals (with capped ends) show result of further adjusting sample sizes based on suggested multiplier (with 95% interval) for conditional age-at-length data from CA_NET:<br>0.9985 (0.5854-3.1256) <br>For more info, see  <a href=https://doi.org/10.1139/f2011-025> Francis (2011)</a> and  <a href=https://doi.org/10.1016/j.fishres.2015.12.006> Punt (2017)</a>.",NA,"A@LComp",2025-06-25 14:46:10.478933,"StartTime: Wed Jun 25 14:41:57 2025"
"comp_condAALfit_Andre_plotsflt5mkt0_page1.png","Conditional AAL plot, whole catch, CA_NET (plot 1 of 4)
These plots show mean age and std. dev. in conditional A@L.<br>Left plots are mean A@L by size-class (obs. and exp.) with 90% CIs based on adding 1.64 SE of mean to the data.<br>Right plots in each pair are SE of mean A@L (obs. and exp.) with 90% CIs based on the chi-square distribution.",NA,"A@LComp",2025-06-25 14:46:10.478933,"StartTime: Wed Jun 25 14:41:57 2025"
"comp_condAALfit_Andre_plotsflt5mkt0_page2.png","Conditional AAL plot, whole catch, CA_NET (plot 2 of 4)",NA,"A@LComp",2025-06-25 14:46:10.478933,"StartTime: Wed Jun 25 14:41:57 2025"
"comp_condAALfit_Andre_plotsflt5mkt0_page3.png","Conditional AAL plot, whole catch, CA_NET (plot 3 of 4)",NA,"A@LComp",2025-06-25 14:46:10.478933,"StartTime: Wed Jun 25 14:41:57 2025"
"comp_condAALfit_Andre_plotsflt5mkt0_page4.png","Conditional AAL plot, whole catch, CA_NET (plot 4 of 4)",NA,"A@LComp",2025-06-25 14:46:10.478933,"StartTime: Wed Jun 25 14:41:57 2025"
"comp_condAALfit_data_weighting_TA1-8_condAgeNoCA_OR_WA_Rec.png","Mean age from conditional data (aggregated across length bins) for NoCA_OR_WA_Rec with 95% confidence intervals  based on current samples sizes.<br>Francis data weighting method TA1.8: thinner intervals (with capped ends) show result of further adjusting sample sizes based on suggested multiplier (with 95% interval) for conditional age-at-length data from NoCA_OR_WA_Rec:<br>1.8159 (1.8159-Inf) <br>For more info, see  <a href=https://doi.org/10.1139/f2011-025> Francis (2011)</a> and  <a href=https://doi.org/10.1016/j.fishres.2015.12.006> Punt (2017)</a>.",NA,"A@LComp",2025-06-25 14:46:10.478933,"StartTime: Wed Jun 25 14:41:57 2025"
"comp_condAALfit_Andre_plotsflt6mkt0.png","Conditional AAL plot, whole catch, NoCA_OR_WA_Rec
These plots show mean age and std. dev. in conditional A@L.<br>Left plots are mean A@L by size-class (obs. and exp.) with 90% CIs based on adding 1.64 SE of mean to the data.<br>Right plots in each pair are SE of mean A@L (obs. and exp.) with 90% CIs based on the chi-square distribution.",NA,"A@LComp",2025-06-25 14:46:10.478933,"StartTime: Wed Jun 25 14:41:57 2025"
"comp_condAALfit_data_weighting_TA1-8_condAgeWCGBT_Survey.png","Mean age from conditional data (aggregated across length bins) for WCGBT_Survey with 95% confidence intervals  based on current samples sizes.<br>Francis data weighting method TA1.8: thinner intervals (with capped ends) show result of further adjusting sample sizes based on suggested multiplier (with 95% interval) for conditional age-at-length data from WCGBT_Survey:<br>1 (0.6088-3.0926) <br>For more info, see  <a href=https://doi.org/10.1139/f2011-025> Francis (2011)</a> and  <a href=https://doi.org/10.1016/j.fishres.2015.12.006> Punt (2017)</a>.",NA,"A@LComp",2025-06-25 14:46:10.478933,"StartTime: Wed Jun 25 14:41:57 2025"
"comp_condAALfit_Andre_plotsflt9mkt0_page1.png","Conditional AAL plot, whole catch, WCGBT_Survey (plot 1 of 6)
These plots show mean age and std. dev. in conditional A@L.<br>Left plots are mean A@L by size-class (obs. and exp.) with 90% CIs based on adding 1.64 SE of mean to the data.<br>Right plots in each pair are SE of mean A@L (obs. and exp.) with 90% CIs based on the chi-square distribution.",NA,"A@LComp",2025-06-25 14:46:10.478933,"StartTime: Wed Jun 25 14:41:57 2025"
"comp_condAALfit_Andre_plotsflt9mkt0_page2.png","Conditional AAL plot, whole catch, WCGBT_Survey (plot 2 of 6)",NA,"A@LComp",2025-06-25 14:46:10.478933,"StartTime: Wed Jun 25 14:41:57 2025"
"comp_condAALfit_Andre_plotsflt9mkt0_page3.png","Conditional AAL plot, whole catch, WCGBT_Survey (plot 3 of 6)",NA,"A@LComp",2025-06-25 14:46:10.478933,"StartTime: Wed Jun 25 14:41:57 2025"
"comp_condAALfit_Andre_plotsflt9mkt0_page4.png","Conditional AAL plot, whole catch, WCGBT_Survey (plot 4 of 6)",NA,"A@LComp",2025-06-25 14:46:10.478933,"StartTime: Wed Jun 25 14:41:57 2025"
"comp_condAALfit_Andre_plotsflt9mkt0_page5.png","Conditional AAL plot, whole catch, WCGBT_Survey (plot 5 of 6)",NA,"A@LComp",2025-06-25 14:46:10.478933,"StartTime: Wed Jun 25 14:41:57 2025"
"comp_condAALfit_Andre_plotsflt9mkt0_page6.png","Conditional AAL plot, whole catch, WCGBT_Survey (plot 6 of 6)",NA,"A@LComp",2025-06-25 14:46:10.478933,"StartTime: Wed Jun 25 14:41:57 2025"
"comp_condAALfit_data_weighting_TA1-8_condAgeTriennial_Survey.png","Mean age from conditional data (aggregated across length bins) for Triennial_Survey with 95% confidence intervals  based on current samples sizes.<br>Francis data weighting method TA1.8: thinner intervals (with capped ends) show result of further adjusting sample sizes based on suggested multiplier (with 95% interval) for conditional age-at-length data from Triennial_Survey:<br>0.9983 (0.528-51.5577) <br>For more info, see  <a href=https://doi.org/10.1139/f2011-025> Francis (2011)</a> and  <a href=https://doi.org/10.1016/j.fishres.2015.12.006> Punt (2017)</a>.",NA,"A@LComp",2025-06-25 14:46:10.478933,"StartTime: Wed Jun 25 14:41:57 2025"
"comp_condAALfit_Andre_plotsflt10mkt0_page1.png","Conditional AAL plot, whole catch, Triennial_Survey (plot 1 of 2)
These plots show mean age and std. dev. in conditional A@L.<br>Left plots are mean A@L by size-class (obs. and exp.) with 90% CIs based on adding 1.64 SE of mean to the data.<br>Right plots in each pair are SE of mean A@L (obs. and exp.) with 90% CIs based on the chi-square distribution.",NA,"A@LComp",2025-06-25 14:46:10.478933,"StartTime: Wed Jun 25 14:41:57 2025"
"comp_condAALfit_Andre_plotsflt10mkt0_page2.png","Conditional AAL plot, whole catch, Triennial_Survey (plot 2 of 2)",NA,"A@LComp",2025-06-25 14:46:10.478933,"StartTime: Wed Jun 25 14:41:57 2025"
"yield1_yield_curve.png","Yield curve",NA,"Yield",2025-06-25 14:46:10.478933,"StartTime: Wed Jun 25 14:41:57 2025"
"yield2_yield_curve_with_refpoints.png","Yield curve with reference points",NA,"Yield",2025-06-25 14:46:10.478933,"StartTime: Wed Jun 25 14:41:57 2025"
"yield3_surplus_production.png","Surplus production vs. total biomass plot. For interpretation, see<br> <blockquote>Walters, Hilborn, and  Christensen, 2008, Surplus production dynamics in declining and recovering fish populations. <i>Can. J. Fish. Aquat. Sci.</i> 65: 2536-2551. <a href='https://doi.org/10.1139/F08-170'>https://doi.org/10.1139/F08-170</a>.</blockquote>",NA,"Yield",2025-06-25 14:46:10.478933,"StartTime: Wed Jun 25 14:41:57 2025"
"yield4_surplus_production.png","Surplus production vs. spawning biomass plot. For interpretation, see<br> <blockquote>Forrest, Kronlund, Cleary, and Grinnell. 2023. An evidence-based approach for selecting a limit reference point for Pacific herring (<i>Clupea pallasii</i>) stocks in British Columbia, Canada. <i>Can. J. Fish. Aquat. Sci.</i> 80: 1071-1083. <a href='https://doi.org/10.1139/cjfas-2022-0168'>https://doi.org/10.1139/cjfas-2022-0168</a>.</blockquote>",NA,"Yield",2025-06-25 14:46:10.478933,"StartTime: Wed Jun 25 14:41:57 2025"
"yield5_YPR_timeseries.png","Time series of yield per recruit (kg)",NA,"Yield",2025-06-25 14:46:10.478933,"StartTime: Wed Jun 25 14:41:57 2025"
"data_plot.png","Data presence by year for each fleet and data type.",NA,"Data",2025-06-25 14:46:10.478933,"StartTime: Wed Jun 25 14:41:57 2025"
"data_plot2.png","Data presence by year for each fleet, where circle area is <br>  relative within a data type. Circles are proportional to <br>  total catch for catches; to precision for indices, discards, and <br>  mean body weight observations; and to total sample size for <br> compositions and mean weight- or length-at-age observations. <br> Observations excluded from the likelihood have <br> equal size for all years. <br> Note that since the circles are are scaled relative <br>  to maximum within each type, the scaling within separate plots <br>  should not be compared.",NA,"Data",2025-06-25 14:46:10.478933,"StartTime: Wed Jun 25 14:41:57 2025"
"parameter_distributions_page1.png","Parameter distribution plots (plot 1 of 5). <br>Deviation parameters are not included. <br>Plotting range is equal to input limits on parameters. Use fitrange = TRUE to scale the range to the estimates.",NA,"Pars",2025-06-25 14:46:10.478933,"StartTime: Wed Jun 25 14:41:57 2025"
"parameter_distributions_page2.png","Parameter distribution plots (plot 2 of 5).",NA,"Pars",2025-06-25 14:46:10.478933,"StartTime: Wed Jun 25 14:41:57 2025"
"parameter_distributions_page3.png","Parameter distribution plots (plot 3 of 5).",NA,"Pars",2025-06-25 14:46:10.478933,"StartTime: Wed Jun 25 14:41:57 2025"
"parameter_distributions_page4.png","Parameter distribution plots (plot 4 of 5).",NA,"Pars",2025-06-25 14:46:10.478933,"StartTime: Wed Jun 25 14:41:57 2025"
"parameter_distributions_page5.png","Parameter distribution plots (plot 5 of 5).",NA,"Pars",2025-06-25 14:46:10.478933,"StartTime: Wed Jun 25 14:41:57 2025"
"parameterchecks.html","<b>Estimated parameters (excluding deviation parameters)</b><br> Any parameter with a gradient value with an absolute value above 0.001 or a parameter on bounds is colored in red.",NA,"DiagnosticTables",2025-06-25 14:46:10.478933,"StartTime: Wed Jun 25 14:41:57 2025"
