Year,Age0,Age1,Age2,Age3,Age4,Age5,Age6,Age7,Age8,Age9,Age10,Age11,Age12,Age13,Age14,Age15,Age16,Age17,Age18,Age19,Age20,Age21,Age22,Age23,Age24,Age25,Age26,Age27,Age28,Age29,Age30,Age31,Age32,Age33,Age34,Age35
1875,12177,10322.2,8749.94,7417.17,6287.4,5329.72,4517.91,3829.75,3246.41,2751.93,2332.76,1977.44,1676.24,1420.92,1204.49,1021.02,865.504,733.672,621.921,527.191,446.891,378.822,321.12,272.208,230.746,195.599,165.806,140.551,119.142,100.995,85.6116,72.5715,61.5176,52.1474,44.2044,246.007
1876,12176.7,10322.2,8749.94,7417.17,6287.38,5329.64,4517.74,3829.49,3246.07,2751.52,2332.33,1977.01,1675.83,1420.53,1204.14,1020.71,865.227,733.43,621.71,527.009,446.733,378.686,321.004,272.109,230.662,195.527,165.745,140.499,119.098,100.958,85.5799,72.5445,61.4947,52.1279,44.1879,245.916
1877,12176.2,10322,8749.95,7417.16,6287.35,5329.54,4517.51,3829.09,3245.5,2750.83,2331.56,1976.21,1675.05,1419.8,1203.46,1020.1,864.685,732.953,621.294,526.647,446.421,378.417,320.774,271.912,230.494,195.384,165.623,140.395,119.01,100.883,85.5164,72.4906,61.4489,52.0891,44.155,245.732
1878,12175.6,10321.6,8749.77,7417.16,6287.32,5329.43,4517.26,3828.63,3244.81,2749.94,2330.54,1975.12,1673.96,1418.75,1202.49,1019.21,863.892,732.251,620.679,526.112,445.957,378.016,320.43,271.618,230.242,195.17,165.441,140.24,118.878,100.771,85.4212,72.4099,61.3804,52.031,44.1057,245.457
1879,12174.7,10321,8749.42,7417,6287.29,5329.32,4517,3828.15,3244.08,2748.96,2329.36,1973.83,1672.62,1417.44,1201.25,1018.08,862.864,731.337,619.873,525.408,445.346,377.488,319.975,271.227,229.909,194.886,165.198,140.034,118.703,100.622,85.2946,72.3023,61.2891,51.9535,44.0399,245.09
1880,12173.7,10320.3,8748.93,7416.71,6287.13,5329.22,4516.74,3827.67,3243.33,2747.93,2328.09,1972.39,1671.11,1415.93,1199.79,1016.71,861.623,730.224,618.888,524.543,444.592,376.835,319.411,270.743,229.494,194.531,164.896,139.777,118.484,100.436,85.1365,72.1681,61.1751,51.8568,43.9579,244.632
1881,12172.5,10319.4,8748.31,7416.29,6286.85,5329,4516.49,3827.19,3242.57,2746.89,2326.78,1970.88,1669.48,1414.26,1198.16,1015.17,860.193,728.93,617.734,523.526,443.702,376.061,318.742,270.167,229,194.108,164.535,139.469,118.222,100.213,84.9473,72.0073,61.0386,51.7409,43.8595,244.083
1882,12171.2,10318.4,8747.58,7415.76,6286.47,5328.69,4516.14,3826.71,3241.81,2745.84,2325.46,1969.34,1667.78,1412.49,1196.39,1013.47,858.604,727.477,616.428,522.367,442.683,375.172,317.971,269.502,228.428,193.618,164.116,139.112,117.918,99.954,84.7271,71.8202,60.8797,51.606,43.745,243.444
1883,12169.8,10317.3,8746.75,7415.13,6286,5328.28,4515.7,3826.15,3241.06,2744.79,2324.14,1967.79,1666.06,1410.67,1194.54,1011.66,856.888,725.889,614.987,521.078,441.544,374.174,317.103,268.751,227.781,193.063,163.641,138.705,117.572,99.6591,84.4762,71.607,60.6986,51.4521,43.6144,242.714
1884,12168.3,10316.2,8745.82,7414.42,6285.44,5327.8,4515.19,3825.51,3240.23,2743.74,2322.82,1966.23,1664.33,1408.82,1192.65,1009.78,855.08,724.194,613.432,519.676,440.297,373.076,316.144,267.918,227.061,192.444,163.11,138.251,117.184,99.3287,84.1951,71.3679,60.4954,51.2795,43.4678,241.895
1885,12166.8,10314.9,8744.82,7413.64,6284.81,5327.24,4514.61,3824.81,3239.34,2742.63,2321.49,1964.67,1662.59,1406.96,1190.73,1007.86,853.212,722.421,611.787,518.178,438.953,371.885,315.099,267.008,226.273,191.764,162.526,137.751,116.756,98.9636,83.884,71.1032,60.2704,51.0883,43.3054,240.986
1886,12165.1,10313.6,8743.75,7412.78,6284.12,5326.63,4513.97,3824.05,3238.39,2741.46,2320.11,1963.11,1660.85,1405.1,1188.81,1005.92,851.311,720.598,610.076,516.604,437.529,370.614,313.976,266.025,225.419,191.026,161.89,137.205,116.289,98.5646,83.5437,70.8134,60.0239,50.8788,43.1274,239.99
1887,12163.4,10312.1,8742.61,7411.87,6283.37,5325.96,4513.28,3823.24,3237.39,2740.24,2318.68,1961.5,1659.1,1403.24,1186.88,1003.98,849.394,718.747,608.323,514.975,436.041,369.274,312.786,264.978,224.505,190.233,161.205,136.616,115.784,98.1326,83.175,70.4991,59.7562,50.6512,42.934,238.907
1888,12161.6,10310.7,8741.42,7410.9,6282.56,5325.24,4512.54,3822.38,3236.35,2738.98,2317.2,1959.85,1657.31,1401.37,1184.94,1002.03,847.471,716.882,606.546,513.31,434.506,367.881,311.539,263.874,223.536,189.389,160.475,135.987,115.243,97.6689,82.7785,70.1608,59.468,50.4059,42.7254,237.737
1889,12159.7,10309.2,8740.18,7409.89,6281.72,5324.47,4511.76,3821.49,3235.26,2737.68,2315.69,1958.16,1655.49,1399.46,1183.01,1000.08,845.544,715.013,604.759,511.626,432.942,366.45,310.247,262.722,222.52,188.5,159.702,135.318,114.667,97.1748,82.3555,69.7993,59.1596,50.1432,42.5019,236.482
1890,12157.9,10307.6,8738.89,7408.83,6280.83,5323.67,4510.94,3820.55,3234.14,2736.34,2314.15,1956.43,1653.63,1397.52,1181.04,998.122,843.614,713.14,602.967,509.933,431.362,364.994,308.923,261.533,221.464,187.571,158.891,134.614,114.059,96.6518,81.9069,69.4155,58.8318,49.8637,42.264,235.143
1891,12155.9,10306,8737.57,7407.73,6279.91,5322.84,4510.08,3819.59,3232.99,2734.98,2312.57,1954.67,1651.75,1395.56,1179.04,996.14,841.68,711.265,601.173,508.236,429.775,363.524,307.578,260.317,220.377,186.608,158.046,133.878,113.422,96.1019,81.4342,69.0104,58.4854,49.568,42.0119,233.722
1892,12153.9,10304.3,8736.21,7406.61,6278.95,5321.97,4509.2,3818.59,3231.81,2733.58,2310.96,1952.89,1649.83,1393.57,1177.02,994.135,839.725,709.386,599.376,506.538,428.185,362.05,306.223,259.084,219.267,185.62,157.174,133.115,112.758,95.5271,80.939,68.5851,58.1212,49.2567,41.7463,232.221
1893,12151.9,10302.7,8734.81,7405.45,6277.97,5321.07,4508.29,3817.57,3230.6,2732.16,2309.33,1951.08,1647.89,1391.55,1174.98,992.108,837.75,707.489,597.578,504.838,426.594,360.573,304.863,257.843,218.144,184.613,156.28,132.328,112.07,94.9302,80.4232,68.1411,57.7402,48.9306,41.4676,230.642
1894,12149.8,10301,8733.38,7404.26,6276.96,5320.15,4507.36,3816.52,3229.37,2730.71,2307.67,1949.25,1645.93,1389.52,1172.92,990.062,835.756,705.576,595.764,503.137,425.002,359.096,303.503,256.599,217.014,183.596,155.371,131.524,111.364,94.3141,79.8889,67.6799,57.3435,48.5904,41.1766,228.986
1895,12147.8,10299.2,8731.93,7403.05,6275.92,5319.21,4506.41,3815.45,3228.12,2729.24,2305.99,1947.39,1643.95,1387.46,1170.83,987.998,833.746,703.647,593.936,501.423,423.409,357.618,302.142,255.354,215.882,182.573,154.454,130.707,110.643,93.6824,79.3388,67.2035,56.9327,48.2373,40.874,227.256
1896,12145.6,10297.4,8730.45,7401.81,6274.87,5318.25,4505.43,3814.36,3226.85,2727.75,2304.3,1945.52,1641.95,1385.38,1168.73,985.917,831.721,701.705,592.096,499.697,421.806,356.14,300.782,254.109,214.75,181.548,153.532,129.883,109.912,93.0386,78.7757,66.7139,56.5091,47.8724,40.5607,225.456
1897,12143.5,10295.6,8728.95,7400.55,6273.79,5317.27,4504.44,3813.26,3225.56,2726.24,2302.58,1943.63,1639.93,1383.29,1166.62,983.822,829.682,699.749,590.244,497.961,420.194,354.654,299.421,252.865,213.618,180.524,152.61,129.056,109.175,92.3868,78.2029,66.2137,56.0748,47.4971,40.2376,223.588
1898,12141.3,10293.8,8727.43,7399.28,6272.7,5316.27,4503.43,3812.14,3224.25,2724.72,2300.85,1941.72,1637.9,1381.18,1164.49,981.712,827.63,697.782,588.381,496.216,418.573,353.16,298.054,251.622,212.488,179.501,151.688,128.229,108.437,91.7305,77.6236,65.7055,55.6318,47.1129,39.9059,221.656
1899,12139.1,10292,8725.89,7397.98,6271.59,5315.25,4502.4,3811,3222.93,2723.18,2299.1,1939.79,1635.84,1379.06,1162.34,979.589,825.566,695.804,586.509,494.463,416.945,351.66,296.682,250.373,211.358,178.479,150.767,127.403,107.698,91.0727,77.0408,65.1922,55.1823,46.7216,39.5669,219.664
1900,12136.9,10290.1,8724.34,7396.67,6270.46,5314.23,4501.36,3809.85,3221.59,2721.63,2297.33,1937.85,1633.78,1376.92,1160.18,977.455,823.491,693.817,584.628,492.701,415.31,350.154,295.304,249.12,210.225,177.459,149.848,126.579,106.96,90.4154,76.457,64.6762,54.7287,46.3251,39.2222,217.617
1901,12134.7,10288.3,8722.76,7395.35,6269.32,5313.18,4500.31,3808.68,3220.24,2720.06,2295.55,1935.9,1631.7,1374.77,1158.01,975.309,821.406,691.82,582.739,490.932,413.668,348.643,293.921,247.863,209.088,176.435,148.931,125.755,106.225,89.7594,75.8739,64.1597,54.2732,45.9254,38.8733,215.52
1902,12132.5,10286.4,8721.17,7394.01,6268.17,5312.13,4499.25,3807.51,3218.88,2718.48,2293.76,1933.93,1629.61,1372.6,1155.83,973.152,819.311,689.814,580.842,489.157,412.022,347.126,292.535,246.603,207.949,175.41,148.011,124.934,105.49,89.1051,75.2923,63.6441,53.8175,45.5243,38.5218,213.379
1903,12130.2,10284.5,8719.57,7392.66,6267.01,5311.07,4498.17,3806.32,3217.5,2716.88,2291.96,1931.95,1627.5,1370.43,1153.64,970.985,817.207,687.801,578.939,487.376,410.37,345.606,291.145,245.34,206.807,174.382,147.09,124.111,104.758,88.4525,74.7124,63.1299,53.3627,45.1232,38.1694,211.2
1904,12127.9,10282.5,8717.95,7391.29,6265.83,5309.99,4497.09,3805.12,3216.12,2715.28,2290.14,1929.96,1625.38,1368.24,1151.43,968.808,815.094,685.78,577.029,485.59,408.713,344.082,289.753,244.075,205.663,173.353,146.168,123.288,104.025,87.8016,74.1343,62.6175,52.9095,44.7231,37.8173,208.99
1905,12125.6,10280.6,8716.32,7389.91,6264.65,5308.91,4496,3803.91,3214.72,2713.66,2288.31,1927.96,1623.26,1366.05,1149.22,966.623,812.973,683.752,575.113,483.798,407.053,342.554,288.357,242.808,204.518,172.323,145.245,122.463,103.291,87.1506,73.5579,62.1068,52.4579,44.3246,37.4662,206.756
1906,12123.3,10278.7,8714.68,7388.53,6263.45,5307.81,4494.89,3802.69,3213.32,2712.04,2286.47,1925.94,1621.12,1363.84,1146.99,964.428,810.845,681.717,573.191,482.002,405.388,341.024,286.959,241.538,203.371,171.292,144.321,121.639,102.557,86.4996,72.9816,61.5979,52.0081,43.9277,37.1166,204.503
1907,12120.9,10276.7,8713.02,7387.13,6262.25,5306.71,4493.78,3801.47,3211.9,2710.4,2284.62,1923.92,1618.97,1361.62,1144.76,962.225,808.709,679.676,571.264,480.201,403.721,339.491,285.559,240.268,202.224,170.26,143.397,120.815,101.824,85.8488,72.4057,61.0894,51.56,43.5325,36.7686,202.237
1908,12118.6,10274.7,8711.36,7385.72,6261.03,5305.6,4492.66,3800.23,3210.48,2708.76,2282.77,1921.88,1616.81,1359.39,1142.52,960.014,806.566,677.628,569.332,478.396,402.049,337.955,284.158,238.996,201.076,169.228,142.473,119.99,101.091,85.1985,71.8304,60.5815,51.1125,43.139,36.4222,199.964
1909,12116.2,10272.7,8709.68,7384.31,6259.81,5304.48,4491.53,3798.99,3209.04,2707.1,2280.9,1919.83,1614.64,1357.15,1140.27,957.795,804.416,675.575,567.395,476.587,400.375,336.417,282.754,237.723,199.927,168.196,141.55,119.166,100.358,84.5489,71.2557,60.0743,50.6657,42.7462,36.0774,197.687
1910,12113.9,10270.7,8708,7382.88,6258.58,5303.35,4490.4,3797.74,3207.6,2705.44,2279.02,1917.78,1612.46,1354.91,1138.01,955.569,802.26,673.516,565.453,474.775,398.698,334.877,281.35,236.449,198.778,167.164,140.626,118.343,99.6263,83.9001,70.6819,59.568,50.2199,42.3542,35.7335,195.409
1911,12111.5,10268.7,8706.3,7381.45,6257.35,5302.22,4489.25,3796.48,3206.15,2703.76,2277.13,1915.71,1610.27,1352.65,1135.74,953.335,800.097,671.452,563.507,472.959,397.019,333.335,279.944,235.175,197.628,166.132,139.703,117.52,98.8952,83.2521,70.1091,59.0627,49.775,41.9633,35.3905,193.134
1912,12109.1,10266.7,8704.6,7380.01,6256.1,5301.08,4488.1,3795.22,3204.69,2702.08,2275.23,1913.64,1608.07,1350.39,1133.46,951.094,797.927,669.383,561.557,471.14,395.337,331.792,278.537,233.9,196.479,165.1,138.781,116.698,98.1651,82.6053,69.5374,58.5585,49.3312,41.5734,35.0485,190.863
1913,12106.7,10264.7,8702.89,7378.56,6254.85,5299.93,4486.95,3793.94,3203.23,2700.39,2273.32,1911.55,1605.86,1348.12,1131.18,948.845,795.752,667.308,559.602,469.318,393.652,330.247,277.129,232.625,195.33,164.069,137.859,115.877,97.436,81.9596,68.9669,58.0555,48.8887,41.1846,34.7076,188.597
1914,12104.3,10262.6,8701.16,7377.1,6253.59,5298.78,4485.79,3792.67,3201.76,2698.69,2271.41,1909.46,1603.65,1345.83,1128.89,946.59,793.571,665.229,557.644,467.492,391.966,328.7,275.721,231.35,194.181,163.039,136.938,115.058,96.7082,81.3152,68.3977,57.5539,48.4474,40.7971,34.3678,186.338
1915,12101.8,10260.6,8699.43,7375.64,6252.32,5297.62,4484.62,3791.38,3200.28,2696.98,2269.49,1907.36,1601.42,1343.54,1126.59,944.328,791.384,663.145,555.682,465.664,390.277,327.153,274.312,230.074,193.032,162.009,136.019,114.239,95.9816,80.6721,67.8299,57.0536,48.0075,40.411,34.0294,184.088
1916,12099.4,10258.5,8697.69,7374.16,6251.05,5296.45,4483.44,3790.09,3198.79,2695.27,2267.55,1905.25,1599.19,1341.25,1124.28,942.059,789.191,661.056,553.716,463.833,388.587,325.604,272.902,228.799,191.884,160.98,135.1,113.421,95.2564,80.0305,67.2636,56.5548,47.569,40.0262,33.6922,181.848
1917,12096.5,10256.4,8695.94,7372.66,6249.37,5294.19,4480.9,3787.51,3196.19,2692.61,2264.82,1902.47,1596.39,1338.47,1121.58,939.455,786.717,658.732,551.554,461.838,386.76,323.941,271.397,227.444,190.67,159.896,134.135,112.566,94.4995,79.3625,66.6754,56.0378,47.1155,39.6289,33.3447,179.555
1918,12086.7,10254,8694.18,7371.04,6247.13,5289.9,4473.65,3777.48,3184.01,2679.07,2250.72,1888.48,1583.02,1326.03,1110.21,929.224,777.6,650.67,544.467,455.636,381.351,319.239,267.328,223.927,187.635,157.28,131.883,110.627,92.8324,77.9295,65.4441,54.9802,46.2073,38.8493,32.6757,175.537
1919,12077.3,10245.7,8692.13,7369.56,6245.8,5288.12,4470.31,3771.7,3175.74,2668.7,2238.9,1875.97,1570.48,1313.96,1098.93,918.892,768.284,642.363,537.122,449.183,375.708,314.323,263.061,220.24,184.455,154.54,129.525,108.6,91.091,76.4343,64.161,53.8795,45.2633,38.0399,31.9819,171.397
1920,12076,10237.7,8685.09,7367.95,6245.47,5289.74,4473.94,3776.46,3180.48,2672.65,2241.61,1877.32,1570.63,1313.19,1097.54,917.13,766.332,640.353,535.139,447.283,373.924,312.671,261.54,218.856,183.21,153.428,128.536,107.724,90.3166,75.7522,63.5616,53.3539,44.8032,37.6379,31.631,169.107
1921,12074.3,10236.6,8678.3,7361.97,6244,5289.15,4474.73,3778.67,3183.44,2675.48,2243.75,1878.45,1570.7,1312.37,1096.06,915.246,764.238,638.191,533.008,445.244,372.015,310.909,259.932,217.394,181.894,152.255,127.495,106.804,89.506,75.0398,62.9369,52.8072,44.3257,37.2212,31.268,166.758
1922,12075,10235.2,8677.4,7356.25,6239.17,5288.62,4475.54,3781.28,3187.84,2680.94,2249.32,1883.46,1574.73,1315.27,1097.94,916.288,764.656,638.169,532.691,444.739,371.399,310.239,259.242,216.711,181.229,151.622,126.908,106.265,89.0153,74.5961,62.538,52.4503,44.0077,36.9389,31.018,165.019
1923,12076.6,10235.8,8676.2,7355.49,6234.4,5284.77,4475.51,3782.61,3190.96,2685.8,2255.23,1889.51,1580.29,1319.94,1101.56,918.929,766.474,639.346,533.388,445.09,371.505,310.175,259.063,216.455,180.929,151.295,126.572,105.936,88.7011,74.3006,62.2636,52.198,43.7775,36.7304,30.8302,163.613
1924,12075.7,10237.1,8676.68,7354.41,6233.4,5279.65,4470.19,3779.58,3188.39,2684.39,2255.24,1890.59,1581.8,1321.41,1102.67,919.533,766.597,639.086,532.861,444.394,370.718,309.353,258.246,215.666,180.18,150.596,125.923,105.341,88.1627,73.8169,61.8313,51.8132,43.4363,36.4287,30.5642,161.796
1925,12074.6,10236.4,8677.82,7354.76,6232.22,5278.01,4464.22,3772.81,3183.43,2680.14,2252.47,1889.53,1582.05,1322.35,1103.8,920.503,767.235,639.369,532.844,444.156,370.332,308.878,257.723,215.128,179.646,150.079,125.432,104.878,87.7335,73.4252,61.4764,51.4937,43.1501,36.1734,30.3373,160.191
1926,12071.8,10235.4,8677.17,7355.7,6232.39,5276.61,4461.9,3766.19,3175.57,2673.42,2246.16,1884.45,1578.54,1320.14,1102.41,919.522,766.368,638.455,531.841,443.086,369.238,307.798,256.689,214.156,178.748,149.257,124.685,104.204,87.1258,72.8813,60.9939,51.0672,42.7741,35.8429,30.0474,158.258
1927,12063.8,10233,8676.36,7355.04,6232.32,5274.22,4456.34,3758.15,3162.5,2658.42,2231.79,1870.58,1566.21,1309.81,1093.95,912.552,760.508,633.395,527.373,439.099,365.677,304.631,253.894,211.704,176.604,147.391,123.064,102.798,85.9077,71.8253,60.0803,50.2795,42.0956,35.2589,29.545,155.213
1928,12059.7,10226.3,8674.35,7354.38,6231.59,5273.84,4454.75,3755.22,3158.8,2651.49,2223.81,1863.32,1559.26,1303.85,1089.27,909.006,757.766,631.17,525.442,437.33,364.017,303.073,252.443,210.375,175.401,146.31,122.101,101.943,85.1518,71.1591,59.4928,49.7635,41.6449,34.866,29.2031,153.021
1929,12056.2,10222.8,8668.6,7352.68,6230.96,5273.17,4454.84,3754.82,3157.53,2649.54,2218.96,1857.36,1553.68,1298.37,1084.49,905.197,754.841,628.875,523.555,435.676,362.493,301.641,251.1,209.124,174.257,145.275,121.173,101.117,84.42,70.5126,58.9237,49.2622,41.2052,34.4823,28.8689,150.876
1930,12053.7,10219.8,8665.63,7347.76,6229.19,5271.84,4453.37,3754.24,3156.94,2648.62,2217.8,1853.99,1549.5,1294.55,1080.74,901.979,752.368,627.063,522.193,434.582,361.529,300.726,250.208,208.26,173.431,144.504,120.464,100.473,83.8403,69.9939,58.4615,48.8523,40.8415,34.1612,28.5873,149.012
1931,12049.2,10217.7,8663.13,7345.21,6224.81,5269.77,4451.19,3751.32,3154.11,2645.21,2213.77,1849.64,1543.39,1287.96,1074.72,896.32,747.458,623.063,519.01,432.014,359.396,298.888,248.575,206.787,172.099,143.304,119.393,99.5241,83.0039,69.2604,57.82,48.2922,40.3535,33.7358,28.2173,146.692
1932,12043.7,10213.9,8661.33,7343.06,6222.82,5266.5,4449.36,3748.47,3149.84,2640.55,2208.46,1843.85,1537.49,1280.82,1067.43,889.742,741.399,617.827,514.704,428.539,356.563,296.529,246.557,205.021,170.534,141.913,118.159,98.4375,82.0518,68.429,57.0967,47.6642,39.809,33.2643,27.8087,144.173
1933,12044.8,10209.2,8658.08,7341.61,6221.44,5266.32,4450.14,3752.83,3155.3,2646.02,2214.03,1848.7,1541.36,1283.81,1068.51,889.83,741.258,617.367,514.259,428.279,356.482,296.54,246.578,205.002,170.452,141.77,117.97,98.2194,81.8228,68.2008,56.8762,47.4563,39.6157,33.0865,27.6467,142.934
1934,12049.1,10210.2,8654.15,7338.89,6219.99,5264.78,4450.75,3756.02,3163.02,2655.59,2223.97,1858.65,1550.39,1291.55,1075,894.216,744.338,619.824,516.068,429.767,357.835,297.793,247.693,205.944,171.207,142.345,118.387,98.5094,82.0144,68.3214,56.946,47.4895,39.6237,33.0769,27.6251,142.42
1935,12052.1,10213.8,8654.93,7335.53,6217.59,5263.35,4448.96,3755.72,3164.63,2660.88,2230.77,1865.81,1557.64,1298.14,1080.63,898.905,747.371,621.858,517.663,430.891,358.751,298.65,248.511,206.683,171.834,142.843,118.757,98.7653,82.1796,68.4172,56.9932,47.5032,39.6143,33.0525,27.5911,141.84
1936,12053.9,10216.4,8658,7336.17,6214.82,5261.56,4447.81,3753.85,3163.57,2661.08,2233.85,1870.07,1562.21,1302.87,1084.91,902.517,750.332,623.562,518.648,431.612,359.17,298.973,248.854,207.054,172.19,143.147,118.99,98.9215,82.2663,68.4492,56.9849,47.469,39.5642,32.9933,27.528,141.108
1937,12058.7,10217.9,8660.22,7338.82,6215.67,5260.23,4448.55,3756.51,3166.72,2665.55,2239.57,1878.06,1570.82,1311.24,1092.89,909.595,756.36,628.605,522.253,434.28,361.33,300.635,250.223,208.26,173.267,144.085,119.777,99.5603,82.7668,68.8299,57.2686,47.6762,39.7142,33.1005,27.6029,141.081
1938,12063.9,10222,8661.47,7340.62,6217.4,5259.91,4446.55,3756.85,3169.35,2669.13,2244.61,1884.33,1579.03,1319.92,1101.26,917.501,763.37,634.596,527.288,437.995,364.158,302.947,252.038,209.762,174.575,145.237,120.771,100.394,83.4469,69.3701,57.6882,47.9978,39.9578,33.2846,27.7414,141.371
1939,12068.9,10226.4,8664.94,7341.75,6219.5,5262.88,4448.35,3757.34,3171.66,2673.06,2248.99,1889.61,1585.07,1327.38,1108.95,924.814,770.205,640.617,532.411,442.285,367.318,305.349,253.999,211.299,175.846,146.341,121.742,101.231,84.1489,69.9424,58.1427,48.3508,40.2284,33.4896,27.8964,141.733
1940,12072.5,10230.6,8668.68,7344.7,6220.36,5264.26,4450.08,3757.75,3170.7,2673.5,2250.76,1891.81,1588.14,1331.21,1114.11,930.312,775.52,645.649,536.865,446.078,370.492,307.643,255.715,212.694,176.927,147.233,122.523,101.925,84.7502,70.4473,58.5529,48.6739,40.4762,33.6763,28.0348,141.997
1941,12076.3,10233.6,8672.29,7347.86,6223.18,5265.86,4452.23,3760.11,3171.93,2673.65,2252.17,1894.39,1591.08,1334.84,1118.32,935.538,780.926,650.803,541.689,450.332,374.116,310.681,257.956,214.401,178.321,148.327,123.429,102.712,85.4419,71.0434,59.0529,49.0817,40.8003,33.9284,28.2283,142.522
1942,12080.8,10236.9,8674.81,7350.96,6226.27,5269.29,4454.94,3763.37,3175.44,2676.27,2253.92,1897.18,1594.78,1338.73,1122.64,940.207,786.314,656.208,546.76,455.017,378.226,314.178,260.889,216.602,180.022,149.722,124.535,103.629,86.2331,71.7329,59.6439,49.5769,41.2054,34.2527,28.4834,143.346
1943,12089,10240.7,8677.61,7353.31,6230.39,5275.76,4463.41,3772.21,3185.34,2686.61,2263.41,1905.57,1603.51,1347.59,1131.01,948.304,794.098,664.049,554.126,461.67,384.181,319.329,265.246,220.251,182.86,151.975,126.395,105.131,87.4811,72.7957,60.5547,50.3493,41.8509,34.784,28.9147,145.05
1944,12093.4,10247.6,8680.8,7355.5,6229.49,5271.45,4459.3,3770.5,3185.21,2688.54,2266.71,1908.98,1606.68,1351.65,1135.69,952.999,798.933,668.936,559.329,466.702,388.806,323.528,268.904,223.355,185.462,153.974,127.966,106.425,88.5206,73.6586,61.2933,50.9862,42.3932,35.2376,29.2873,146.473
1945,12087.2,10251.3,8686.69,7357.51,6220.28,5240.98,4419.19,3733.35,3155.17,2664.68,2248.68,1895.49,1596.07,1343.13,1129.79,949.176,796.416,667.615,558.951,467.342,389.931,324.837,270.292,224.653,186.596,154.938,128.631,106.903,88.9072,73.9491,61.5334,51.2033,42.5928,35.4144,29.4367,146.825
1946,12063.4,10246.1,8689.86,7361.37,6205.48,5189.27,4339.48,3648.9,3079.72,2601.53,2196.29,1852.82,1561.36,1314.4,1105.86,930.051,781.257,655.444,549.387,459.927,384.52,320.809,267.243,222.363,184.812,153.501,127.456,105.813,87.9389,73.1349,60.83,50.6166,42.1191,35.0361,29.1311,144.988
1947,12047.7,10225.9,8685.38,7364.44,6215.71,5195.71,4319.51,3604.12,3028.08,2554.56,2157.12,1820.53,1535.4,1293.57,1088.75,915.871,770.16,646.875,542.652,454.81,380.726,318.287,265.54,221.197,184.045,152.962,127.046,105.488,87.575,72.7808,60.5283,50.3442,41.8912,34.8583,28.9963,144.102
1948,12039.4,10212.6,8668.28,7361.01,6225.07,5222.8,4347.54,3608.24,3008.26,2525.96,2129.81,1797.55,1516.39,1278.4,1076.71,905.982,761.95,640.608,537.977,451.24,378.154,316.527,264.6,220.74,183.871,152.984,127.144,105.6,87.6794,72.7896,60.4925,50.3082,41.8433,34.8174,28.972,143.866
1949,12035.9,10205.6,8657,7346.22,6223.53,5236.29,4377.62,3638.75,3018.15,2515.37,2111.49,1779.92,1501.95,1266.83,1067.87,899.295,756.637,636.304,534.94,449.217,376.775,315.739,264.278,220.92,184.298,153.514,127.725,106.151,88.1634,73.2017,60.7703,50.5036,42.0009,34.9337,29.068,144.297
1950,12029.9,10202.6,8651.01,7336.26,6207.91,5227.59,4379.95,3655.5,3036.38,2517.47,2097.44,1760.22,1483.5,1251.61,1055.53,889.661,749.15,630.264,529.996,445.545,374.131,313.788,262.95,220.089,183.978,153.478,127.841,106.364,88.3975,73.4182,60.9586,50.6062,42.0565,34.9759,29.0908,144.367
1951,12020,10197.6,8648.44,7330.93,6195.46,5203.42,4358.96,3644.63,3039.29,2523.33,2091.32,1741.86,1461.43,1231.42,1038.76,875.903,738.175,621.53,522.855,439.646,369.572,310.321,260.262,218.091,182.539,152.587,127.29,106.026,88.2135,73.3121,60.8888,50.5553,41.9695,34.8789,29.0066,143.853
1952,11997.5,10189.2,8644.17,7327.93,6178.23,5158.84,4296.85,3588.14,2996.82,2497.78,2073.03,1717.66,1430.33,1199.85,1010.88,852.627,718.888,605.806,510.048,429.051,360.756,303.245,254.623,213.545,178.942,149.77,125.194,104.437,86.9908,72.3758,60.1496,49.9566,41.4783,34.434,28.6164,141.823
1953,11975.2,10170.1,8637.05,7323.97,6173.59,5140.19,4255.3,3532.92,2947.08,2460.28,2050,1701.03,1409.2,1173.31,984.146,829.072,699.234,589.523,496.767,418.228,351.801,295.795,248.636,208.767,175.086,146.713,122.795,102.644,85.6261,71.3218,59.3391,49.315,40.958,34.0068,28.2314,139.737
1954,11947.1,10151.2,8620.86,7317.42,6162.7,5116.6,4216.29,3477.38,2883.83,2404.69,2007.08,1672.17,1387.39,1149.29,956.857,802.554,676.072,570.18,480.707,405.065,341.019,286.852,241.184,202.731,170.222,142.759,119.624,100.122,83.6921,69.816,58.1528,48.3825,40.2093,33.3953,27.7277,136.954
1955,11920.8,10127.3,8604.78,7302.68,6155.26,5107.21,4197.47,3445.88,2838.52,2352.84,1961.36,1636.73,1363.41,1131.08,936.883,779.961,654.147,551.029,464.705,391.771,330.115,277.914,233.768,196.549,165.211,138.718,116.337,97.4839,81.5909,68.2017,56.8938,47.3892,39.4273,32.7668,27.2141,134.2
1956,11894.2,10105,8584.52,7287.9,6138.37,5093.78,4182.22,3423.83,2807.21,2311.25,1915.27,1596.3,1331.93,1109.4,920.295,762.244,634.547,532.172,448.27,378.036,318.7,268.54,226.074,190.162,159.885,134.392,112.841,94.6346,79.2984,66.3701,55.4785,46.2801,38.5486,32.072,26.6541,131.301
1957,11861.8,10082.5,8565.54,7269.68,6118.02,5061.69,4149.84,3391.73,2772.49,2271.75,1869.75,1549.05,1290.87,1076.95,896.944,744.001,616.194,512.943,430.173,362.343,305.565,257.599,217.054,182.729,153.701,129.228,108.623,91.204,76.4885,64.0929,53.6435,44.8404,37.4057,31.1567,25.922,127.666
1958,11828.8,10055,8546.46,7254.37,6101.96,5038.18,4114.41,3356.9,2739.38,2237.87,1833.1,1508.41,1249.51,1041.14,868.541,723.328,599.963,496.882,413.612,346.863,292.163,246.379,207.702,175.01,147.333,123.927,104.195,87.5812,73.5362,61.6713,51.6768,43.2517,36.1539,30.1594,25.121,123.835
1959,11786.7,10027.1,8523.17,7237.8,6079.9,4999.15,4063.93,3299.74,2687.34,2191.47,1789.62,1465.59,1205.79,998.705,832.083,694.089,578.01,479.407,397.025,330.48,277.14,233.431,196.848,165.945,139.824,117.711,99.0109,83.2457,69.972,58.7508,49.2714,41.2864,34.5552,28.8845,24.0953,119.005
1960,11759.4,9991.35,8499.56,7219.44,6076.61,5005.56,4060.86,3284.77,2662.89,2167.37,1766.88,1442.59,1181.21,971.714,804.762,670.454,559.236,465.691,386.236,319.856,266.239,223.264,188.05,158.578,133.682,112.639,94.825,79.7603,67.0602,56.3672,47.3277,39.6913,33.2589,27.8364,23.2683,115.276
1961,11746.5,9968.24,8469.27,7199.86,6070,5027.05,4095.17,3308.33,2672.26,2165.03,1761.52,1435.66,1171.94,959.459,789.204,653.552,544.441,454.102,378.126,313.599,259.695,216.157,181.264,152.673,128.744,108.531,91.4465,76.9836,64.7531,54.4424,45.7612,38.4225,32.2229,27.0008,22.5986,112.475
1962,11747.9,9957.31,8449.73,7174.91,6062.68,5045.79,4142.21,3363.2,2713.98,2191.15,1774.74,1443.69,1176.46,960.245,786.079,646.546,535.387,445.985,371.97,309.727,256.867,212.71,177.048,148.466,125.047,105.448,88.8923,74.899,63.0529,53.0355,44.5905,37.4802,31.4695,26.3918,22.1146,110.63
1963,11752.7,9958.49,8440.43,7158.35,6043.54,5045.05,4164.07,3407.55,2763.68,2229.12,1799.18,1456.98,1185.03,965.569,788.048,645.072,530.542,439.309,365.939,305.2,254.124,210.75,174.519,145.259,121.808,102.594,86.5133,72.9301,61.4494,51.7304,43.5118,36.5832,30.7497,25.8183,21.6524,108.907
1964,11750.9,9962.54,8441.46,7150.4,6025.01,5015.7,4146.64,3409.85,2786.76,2258.89,1821.36,1469.72,1189.98,967.745,788.448,643.443,526.673,433.144,358.647,298.739,249.148,207.449,172.039,142.462,118.576,99.4322,83.7472,70.6205,59.5324,50.1606,42.2271,35.5182,29.8625,25.1006,21.0752,106.573
1965,11762.6,9961.04,8444.85,7151.46,6027.55,5027.01,4155.58,3426.14,2814.58,2299.21,1863.19,1502.03,1211.89,981.131,797.845,649.992,530.43,434.156,357.048,295.633,246.248,205.368,170.994,141.807,117.427,97.7376,81.9582,69.0295,58.2096,49.0701,41.3453,34.8059,29.2761,24.6143,20.6893,105.215
1966,11769.7,9970.9,8443.56,7153.78,6024.69,5020.93,4155.5,3424.98,2820.78,2316.12,1891.45,1532.43,1235.19,996.478,806.665,655.927,534.346,436.038,356.885,293.493,243.005,202.407,168.804,140.549,116.558,96.5184,80.3346,67.3646,56.7379,47.8445,40.3324,33.983,28.6081,24.0629,20.2313,103.484
1967,11728.5,9976.97,8451.79,7148.55,5985.41,4917.18,4029.71,3314.5,2726.35,2243.54,1841.25,1503.11,1217.47,981.102,791.356,640.525,520.774,424.205,346.135,283.283,232.953,192.871,160.645,133.972,111.546,92.5037,76.599,63.7547,53.4611,45.0274,37.9694,32.0077,26.9688,22.7032,19.0961,98.1791
1968,19466,9941.99,8456.91,7153.26,5954.51,4819.16,3869.17,3144.42,2579.65,2119.8,1743.43,1430.25,1167.23,945.188,761.538,614.161,497.041,404.074,329.118,268.529,219.757,180.705,149.608,124.608,103.916,86.5202,71.7495,59.4127,49.4498,41.4656,34.9241,29.4496,24.8255,20.9172,17.6088,90.959
1969,17196,16500.9,8427.24,7159.5,5991.14,4880,3892.34,3108.11,2521.4,2066.98,1697.79,1395.93,1144.92,934.212,756.396,609.366,491.398,397.664,323.268,263.29,214.812,175.791,144.55,119.673,99.6742,83.1224,69.2068,57.3915,47.5232,39.554,33.1675,27.935,23.556,19.8573,16.7311,86.8402
1970,21965.7,14576.7,13986.9,7136.06,6024.9,4986.2,4032.01,3206.7,2557.64,2073.48,1698.99,1395.01,1146.65,940.237,767.054,620.96,500.195,403.321,326.361,265.286,216.054,176.265,144.242,118.605,98.1916,81.7812,68.1999,56.782,47.0875,38.9907,32.4521,27.2122,22.9191,19.3264,16.2918,84.9737
1971,12334.6,18619.9,12355.6,11839.9,5994.17,4994.13,4097.95,3302.82,2623.44,2091.01,1694.36,1387.81,1139.15,936.103,767.438,625.979,506.686,408.1,329.033,266.227,216.392,176.225,143.766,117.644,96.7322,80.0822,66.6975,55.6205,46.3081,38.4016,31.7982,26.4656,22.1922,18.6911,15.7611,82.5835
1972,9430.45,10455.8,15782.9,10461.6,9960.3,4986.6,4124.71,3374.91,2716.86,2156.49,1717.88,1391.38,1139.2,934.788,767.967,629.461,513.345,415.456,334.581,269.73,218.226,177.364,144.434,117.827,96.4155,79.2752,65.6288,54.659,45.5807,37.9489,31.4694,26.0578,21.6878,18.1858,15.3167,80.5891
1973,13716,7994.01,8862.67,13360.3,8780.51,8232.37,4080.31,3361.81,2746.24,2208.58,1751.64,1394.42,1128.73,923.707,757.654,622.237,509.874,415.723,336.386,270.86,218.331,176.622,143.54,116.883,95.3471,78.0179,64.1463,53.1029,44.2259,36.8799,30.7046,25.4617,21.0831,17.5472,14.7137,77.5939
1974,10025.2,11626.8,6775.89,7497.41,11120.8,7078,6496.09,3194.44,2624.97,2141.7,1720.97,1364.02,1085.25,878.079,718.321,589.012,483.617,396.205,322.99,261.313,210.386,169.568,137.166,111.469,90.7647,74.0385,60.5805,49.8083,41.2326,34.3395,28.6353,23.8402,19.7693,16.3695,13.6241,71.669
1975,23503.4,8498.17,9854.96,5729.99,6223.93,8902.98,5531.5,5031.09,2466.07,2023.05,1648.53,1323.29,1047.88,833.106,673.649,550.804,451.461,370.55,303.486,247.344,200.072,161.052,129.792,104.981,85.3077,69.4589,56.6564,46.3563,38.1122,31.5495,26.2746,21.9098,18.2407,15.1258,12.5244,65.2567
1976,6219.72,19923.4,7203.17,8335.41,4766.41,5012.03,7016.7,4324.52,3922.21,1919.87,1573.46,1281.18,1027.77,813.448,646.45,522.541,427.132,350.015,287.23,235.21,191.673,155.023,124.781,100.556,81.3301,66.0865,53.8071,43.8885,35.9089,29.5224,24.4385,20.3523,16.9712,14.129,11.7162,60.2472
1977,4812.77,5272.33,16887.3,6092.71,6930.81,3831.25,3938.44,5466.34,3358.18,3040.37,1486.21,1216.64,989.687,793.286,627.441,498.354,402.648,329.007,269.521,221.118,181.031,147.495,119.279,96.0009,77.3572,62.5634,50.8347,41.3876,33.7573,27.619,22.7064,18.7959,15.653,13.0524,10.8664,55.3444
1978,5774.72,4079.69,4468.94,14289,5086.69,5638.02,3063.06,3127.81,4330.12,2656.3,2402.24,1173.18,959.635,780.113,624.965,494.091,392.297,316.864,258.847,212.003,173.899,142.351,115.971,93.7784,75.4724,60.8126,49.1808,39.9597,32.5328,26.5345,21.7092,17.8475,14.7737,12.3032,10.2591,52.0401
1979,15681.9,4895.11,3458.03,3782.39,11973,4182.92,4577.6,2473.24,2518.22,3478.39,2129.52,1922.39,937.369,765.74,621.806,497.69,393.172,311.975,251.856,205.652,168.373,138.068,112.999,92.0435,74.4206,59.8874,48.2508,39.0192,31.7017,25.8085,21.0492,17.2209,14.1573,11.7188,9.75898,49.414
1980,6278.62,13293.2,4149.09,2924.46,3149.94,9688.8,3320.22,3604.36,1939.99,1969.99,2714.97,1658.9,1495.07,728,594.031,481.925,385.436,304.301,241.331,194.741,158.957,130.103,106.666,87.2856,71.09,57.4733,46.246,37.2577,30.1278,24.4767,19.9259,16.2509,13.295,10.9296,9.04691,45.6798
1981,2778.29,5322.26,11267.8,3510.25,2429.76,2520.35,7556.58,2564.33,2773.77,1490.11,1511.1,2080.27,1269.97,1143.73,556.601,453.964,368.155,294.355,232.335,184.22,148.63,121.302,99.2744,81.3856,66.5948,54.236,43.846,35.2798,28.4222,22.9827,18.6715,15.1999,12.3964,10.1415,8.33711,41.7448
1982,1881.2,2355.1,4511.28,9531.87,2918.52,1950.62,1975.67,5867.19,1983.01,2139.58,1147.12,1161.35,1596.59,973.595,876.017,426.005,347.242,281.467,224.954,177.498,140.7,113.491,92.6114,75.7856,62.1238,50.8299,41.3944,33.463,26.9242,21.6901,17.5386,14.2483,11.5989,9.45948,7.73872,38.215
1983,2614.05,1594.65,1996.14,3815.48,7938.86,2359.25,1543.68,1547.35,4565.61,1534.72,1647.74,879.561,887.118,1215.73,739.404,663.86,322.258,262.29,212.347,169.538,133.656,105.871,85.3594,69.6299,56.9628,46.6833,38.1892,31.0954,25.1342,20.2208,16.2885,13.17,10.6987,8.70891,7.10229,34.4992
1984,38113,2215.87,1351.68,1689.67,3181.92,6405.96,1857.39,1200.39,1194.51,3505.68,1173.51,1255.87,668.745,673.247,921.352,559.771,502.172,243.616,198.184,160.385,128.011,100.894,79.9095,64.4213,52.5461,42.9843,35.2256,28.8151,23.4618,18.9635,15.2561,12.2891,9.93612,8.07156,6.57032,31.385
1985,2276.98,32307.6,1878.22,1143.97,1403.01,2530.08,4935.44,1410.71,905.102,896.22,2620.27,874.532,933.77,496.352,499.018,682.201,414.135,371.283,180.026,146.393,118.431,94.5005,74.4712,58.9758,47.5406,38.7743,31.7167,25.9906,21.2599,17.3097,13.9906,11.2552,9.06609,7.33013,5.95453,27.9994
1986,8257.12,1930.14,27382.3,1587.05,945.58,1110.04,1934.68,3695.99,1039.8,658.086,644.12,1865.43,617.907,655.849,347,347.588,473.809,286.966,256.794,124.325,100.973,81.6053,65.079,51.2626,40.5817,32.7037,26.6671,21.8091,17.869,14.6148,11.8981,9.61584,7.73526,6.23045,5.03722,23.3302
1987,7204.75,6999.33,1635.79,23143.6,1315.8,752.577,851.064,1439.95,2678.77,735.869,456.39,439.427,1256.25,411.95,433.839,228.144,227.44,308.859,186.497,166.48,80.4397,65.2262,52.6688,41.9732,33.0437,26.1471,21.0637,17.1707,14.0394,11.5008,9.40483,7.65563,6.18652,4.9762,4.00786,18.2446
1988,9228.18,6107.3,5932.73,1384.66,19272.2,1054.59,584.77,648.938,1082.6,1989.95,541.131,332.847,318.375,905.495,295.735,310.466,162.858,162.033,219.686,132.48,118.136,57.0319,46.2233,37.3101,29.7244,23.395,18.5086,14.9078,12.151,9.93404,8.13707,6.65369,5.41586,4.37636,3.52005,15.7393
1989,8854.75,7822.44,5175.73,5014.65,1144.36,15160.2,797.575,432.022,471.241,774.533,1405.28,377.943,230.358,218.711,618.32,200.968,210.153,109.886,109.043,147.521,88.8007,79.0679,38.1369,30.8869,24.9166,19.8414,15.6106,12.3463,9.94195,8.10179,6.62254,5.42387,4.43462,3.6093,2.91633,12.8316
1990,5084.59,7505.95,6629.86,4373.75,4118.34,882.819,11135.3,569.269,301.971,323.513,523.518,937.555,249.488,150.775,142.183,399.794,129.379,134.818,70.2937,69.5911,93.965,56.4728,50.237,24.2131,19.5986,15.8029,12.5793,9.89394,7.8231,6.29833,5.13172,4.1942,3.43468,2.80798,2.28523,9.96888
1991,6612.18,4310.08,6361.72,5605.12,3595.63,3178.24,648.949,7970.16,400.05,208.939,220.847,353.339,626.907,165.57,99.4569,93.3359,261.423,84.333,87.6516,45.6041,45.0686,60.7659,36.4888,32.4374,15.6255,12.642,10.1899,8.10898,6.37644,5.04087,4.05775,3.30573,2.70152,2.21212,1.80837,7.89035
1992,2298.87,5604.99,3653.01,5373.67,4555.3,2675,2203.85,433.19,5204.2,257.446,133.114,139.718,222.447,393.321,103.626,62.1388,58.2405,162.971,52.5363,54.5746,28.3829,28.0412,37.804,22.6988,20.1774,9.71925,7.86323,6.33787,5.04345,3.96582,3.13512,2.52364,2.05592,1.68014,1.37576,6.03171
1993,7714.51,1948.7,4750.49,3087.01,4422.87,3528.16,1957.64,1552.05,297.524,3516.6,172.134,88.3915,92.3553,146.592,258.655,68.047,40.7615,38.1755,106.765,34.403,35.7266,18.5763,18.3513,24.7391,14.8536,13.2032,6.35971,5.14514,4.14699,3.29999,2.59485,2.05131,1.65121,1.34517,1.0993,4.84658
1994,2349.51,6539.41,1651.66,4015.91,2544.95,3440.31,2603.61,1396.04,1083.05,204.747,2398.35,116.712,59.7012,62.217,98.5796,173.724,45.6631,27.3356,25.5893,71.5401,23.0464,23.9284,12.441,12.2897,16.567,9.94674,8.84135,4.25862,3.44527,2.77686,2.20968,1.73751,1.37355,1.10564,0.900717,3.98127
1995,4102.93,1991.63,5542.83,1396.89,3319.38,1996.47,2585.07,1909.91,1010.59,777.955,146.379,1709.64,83.0422,42.4269,44.179,69.9607,123.242,32.385,19.383,18.142,50.7141,16.336,16.9608,8.8182,8.71088,11.7425,7.05006,6.26654,3.0184,2.4419,1.96815,1.56615,1.23149,0.97352,0.783635,3.46016
1996,2158.37,3477.97,1688.18,4688.32,1149.43,2563.19,1468.28,1856.83,1356.35,713.206,546.97,102.674,1197.35,58.0998,29.6632,30.8736,48.8741,86.0753,22.6145,13.5334,12.6657,35.4031,11.4038,11.8398,6.15561,6.08063,8.19679,4.92124,4.37429,2.10695,1.70453,1.37383,1.09322,0.859616,0.679545,2.96228
1997,1515.75,1829.61,2948.09,1428,3858.02,887.91,1888.34,1058.5,1325.75,963.628,505.266,386.826,72.5326,845.245,40.9946,20.9231,21.7717,34.4597,60.6818,15.9414,9.5393,8.92723,24.953,8.0376,8.3448,4.33851,4.28565,5.77709,3.46847,3.08298,1.48496,1.20134,0.968267,0.770493,0.605849,2.56672
1998,3146.63,1284.87,1550.76,2492.15,1168.08,2925.19,634.919,1312.17,725.334,901.496,652.239,341.004,260.581,48.8005,568.212,27.5424,14.0515,14.6171,23.1306,40.7251,10.6974,6.40071,5.98985,16.7422,5.39273,5.59877,2.91081,2.87532,3.87593,2.32704,2.0684,0.996272,0.805986,0.649613,0.516925,2.12847
1999,63016.7,2667.34,1089.14,1312.15,2056.86,910.01,2180.49,463.32,947.703,520.853,645.067,465.654,243.091,185.575,34.73,404.19,19.5853,9.98957,10.3898,16.439,28.9406,7.60135,4.54813,4.25612,11.8961,3.83175,3.97812,2.06822,2.04299,2.75394,1.65341,1.46964,0.70787,0.572667,0.461562,1.87959
2000,2814.67,53418.1,2260.97,921.866,1089.44,1634.3,700.226,1655.05,349.791,713.786,391.823,484.946,349.933,182.638,139.405,26.0868,303.579,14.7095,7.50237,7.80277,12.3455,21.7338,5.70843,3.41552,3.19622,8.93361,2.87752,2.98744,1.55316,1.53422,2.06812,1.24166,1.10365,0.531586,0.430053,1.75813
2001,6161.76,2385.93,45278.5,1914.93,777.633,909.821,1343.99,566.25,1319.06,275.766,558.56,305.13,376.482,271.134,141.334,107.792,20.1607,234.538,11.3617,5.79411,6.02559,9.53315,16.7826,4.40796,2.6374,2.46805,6.89831,2.22195,2.30682,1.19931,1.18468,1.59694,0.958768,0.852202,0.410474,1.68964
2002,3551.72,5223.19,2022.35,38350.9,1616.92,651.609,753.405,1098.63,457.715,1057.32,219.778,443.49,241.69,297.755,214.23,111.603,85.0829,15.9093,185.048,8.96338,4.57072,4.75314,7.51994,13.2384,3.47706,2.08041,1.94682,5.44144,1.75269,1.81963,0.94602,0.934479,1.25967,0.75628,0.67222,1.65658
2003,13437.9,3010.73,4427.5,1713.44,32432.3,1360.74,543.92,623.059,901.034,373.017,857.887,177.809,358.135,194.945,239.986,172.583,89.8792,68.5078,12.8083,148.968,7.21536,3.67924,3.82606,6.05319,10.6562,2.79885,1.67462,1.56709,4.38006,1.41082,1.4647,0.761493,0.752203,1.01396,0.608762,1.87455
2004,3364.28,11391.1,2552.14,3753.01,1452.22,27477.6,1152.15,460.223,526.857,761.554,315.172,724.696,150.183,302.466,164.633,202.664,145.74,75.8986,57.851,10.8158,125.794,6.09289,3.10687,3.23085,5.11151,8.99846,2.36344,1.4141,1.3233,3.69867,1.19134,1.23684,0.643029,0.635184,0.856224,2.09699
2005,1169.69,2851.84,9655.91,2162.8,3179.07,1229.23,23228.4,972.481,387.911,443.601,640.733,265.039,609.231,126.229,254.191,138.345,170.294,122.458,63.7724,48.6075,9.08761,105.693,5.11929,2.61042,2.71458,4.29472,7.56056,1.98578,1.18814,1.11184,3.10764,1.00097,1.0392,0.540276,0.533685,2.4813
2006,757.21,991.527,2417.42,8182.1,1831.78,2690.68,1039.12,19606.7,819.741,326.646,373.271,538.893,222.845,512.143,106.1,213.64,116.269,143.115,102.912,53.5925,40.8481,7.63687,88.8201,4.30204,2.19369,2.28122,3.60911,6.35358,1.66876,0.99846,0.934345,2.61153,0.841172,0.8733,0.454025,2.53367
2007,3879.82,641.873,840.496,2048.97,6932.49,1550.57,2274.06,876.648,16514.8,689.635,274.572,313.591,452.574,187.108,429.951,89.0641,179.326,97.5912,120.122,86.3762,44.981,34.2842,6.4097,74.5475,3.61074,1.84118,1.91465,3.02915,5.33261,1.40061,0.838015,0.784203,2.19188,0.706002,0.732967,2.50759
2008,3386.03,3288.86,544.098,712.234,1735.57,5869.1,1311.49,1921.19,739.833,13926,581.205,231.316,264.125,381.126,157.555,362.018,74.9888,150.983,82.1649,101.133,72.7214,37.8701,28.8643,5.3964,62.7623,3.03992,1.55011,1.61196,2.55027,4.48958,1.17918,0.705533,0.660228,1.84536,0.59439,2.72826
2009,17432.7,2870.28,2787.89,461.131,603.41,1469.41,4963.33,1107.59,1620.55,623.485,11728.5,489.286,194.68,222.255,320.675,132.555,304.563,63.0856,127.014,69.1205,85.0768,61.1756,31.8575,24.2815,4.53962,52.7976,2.55727,1.304,1.35603,2.14537,3.77677,0.991965,0.593516,0.555403,1.55237,2.79511
2010,26407.3,14777.4,2433.07,2362.78,390.596,510.405,1240,4177.04,929.853,1357.95,521.777,9806.89,408.896,162.637,185.633,267.797,110.687,254.304,52.6732,106.048,57.7098,71.0313,51.076,26.598,20.2728,3.79015,44.081,2.13508,1.08871,1.13216,1.79118,3.15324,0.828196,0.495529,0.463708,3.62973
2011,8620.25,22385,12526.4,2061.93,2000.92,330.194,430.179,1041.45,3497.24,776.659,1132.34,434.611,8162.84,340.195,135.273,154.371,222.673,92.0294,211.427,43.7909,88.1633,47.9768,59.0514,42.4616,22.112,16.8536,3.1509,36.6463,1.77498,0.90509,0.941206,1.48907,2.62141,0.688511,0.411952,3.40303
2012,21712.3,7307.23,18971.4,10599.3,1740.61,1686.19,277.849,361.36,873.246,2927.8,649.438,946.097,362.936,6814.3,283.931,112.885,128.81,185.79,76.7832,176.396,36.5348,73.5541,40.0267,49.2661,35.4253,18.4479,14.0608,2.62877,30.5736,1.48084,0.755107,0.785238,1.24232,2.18701,0.574417,3.1828
2013,39704.6,18405.1,6192.33,16041.6,8934.73,1464.81,1418.09,233.488,303.328,732.2,2452.74,543.717,791.747,303.64,5699.96,237.472,94.4061,107.719,155.365,64.2077,147.504,30.5505,61.5062,33.4704,41.1964,29.6227,15.4261,11.7576,2.19817,25.5656,1.23828,0.631421,0.656616,1.03883,1.82878,3.14178
2014,7955.9,33656.8,15597.2,5236.66,13523.3,7515.33,1230.07,1188.55,195.284,253.229,610.415,2042.81,452.556,658.728,252.559,4740.24,197.466,78.4962,89.5614,129.172,53.3819,122.633,25.3992,51.1352,27.8267,34.2499,24.6277,12.825,9.77507,1.82752,21.2548,1.02948,0.52495,0.545897,0.863659,4.13243
2015,18533.3,6744.08,28525.7,13202.8,4424.19,11405.8,6327.3,1033.46,996.513,163.45,211.684,509.837,1705.27,377.644,549.562,210.673,3953.71,164.691,65.465,74.6915,107.724,44.5178,102.269,21.1816,42.644,23.2059,28.5625,20.5382,10.6953,8.15186,1.52405,17.7253,0.858531,0.437779,0.455248,4.16645
2016,9052.12,15710.4,5716.48,24166.3,11175.2,3741.15,9632.96,5336.1,870.367,838.326,137.396,177.848,428.198,1431.9,317.059,461.355,176.849,3318.81,138.241,54.9503,62.6942,90.4202,37.3669,85.8418,17.7792,35.794,19.4783,23.9745,17.2391,8.97731,6.84241,1.27924,14.878,0.720624,0.367458,3.87931
2017,7200.43,7673.33,13317.2,4844.79,20475.5,9465.27,3166.95,8149.1,4511.39,735.504,708.195,116.044,150.188,361.57,1209.02,267.7,389.523,149.312,2802.01,116.714,46.393,52.9309,76.3392,31.5478,72.4737,15.0104,30.2198,16.445,20.241,14.5545,7.57927,5.77684,1.08002,12.5611,0.608401,3.58542
2018,2581.45,6103.68,6504.37,11285.6,4103.31,17324.8,7997.63,2671.83,6865.9,3797.2,618.645,595.413,97.5362,126.213,303.818,1015.84,224.916,327.26,125.443,2354.06,98.054,38.9758,44.4684,64.1342,26.504,60.8867,12.6106,25.3883,13.8158,17.0048,12.2275,6.3675,4.85324,0.907348,10.5528,3.52331
2019,3783.06,2188.25,5173.67,5510.78,9552.54,3468.26,14615.2,6732.03,2244.49,5758.66,3181.3,517.921,498.235,81.5924,105.561,254.074,849.449,188.066,273.633,104.885,1968.24,81.9829,32.5876,37.1799,53.6224,22.1599,50.9071,10.5436,21.227,11.5513,14.2177,10.2233,5.32383,4.05777,0.758629,11.769
2020,8258.35,3206.83,1854.66,4379.96,4656.12,8053.75,2916.89,12257.7,5631.24,1873.52,4799.61,2648.81,430.949,414.395,67.8445,87.7596,211.204,706.072,156.315,227.43,87.1734,1635.86,68.1381,27.0843,30.9011,44.5668,18.4176,42.31,8.76306,17.6423,9.60053,11.8166,8.49684,4.42475,3.3725,10.412
2021,14461,7000.45,2717.82,1569.62,3697.65,3920.77,6763.74,2442.44,10234.6,4690.93,1558.07,3986.98,2198.73,357.554,343.716,56.262,72.7681,175.111,585.381,129.592,188.545,72.2679,1356.14,56.4871,22.4532,25.6173,36.9462,15.2683,35.0753,7.26464,14.6256,7.9589,9.79605,7.04394,3.66815,11.4274
2022,5271.63,12258.4,5932.25,2298,1322.42,3106.18,3285.67,5653.16,2035.87,8511.29,3894.42,1292.01,3303.64,1820.98,296.032,284.517,46.5659,60.2222,144.913,484.413,107.237,156.019,59.8008,1122.19,46.7423,18.5797,21.1979,30.5724,12.6343,29.0242,6.01136,12.1024,6.58585,8.10606,5.82873,12.4913
2023,14061.5,4468.67,10388.3,5017.32,1937.22,1111.51,2603.53,2745.51,4709.39,1691.7,7059.41,3226.06,1069.4,2733,1505.94,244.763,235.209,38.4923,49.778,119.776,400.378,88.6328,128.951,49.4259,927.5,38.6329,15.3562,17.5202,25.2683,10.4423,23.9887,4.96843,10.0027,5.44324,6.6997,15.1416
2024,36513.4,11919.6,3786.32,8768.69,4212.01,1619.53,925.506,2158.05,2265.69,3872.34,1387.4,5779.45,2638.14,873.875,2232.27,1229.66,199.821,191.998,31.4182,40.6278,97.756,326.765,72.3366,105.242,40.3382,756.964,31.5296,12.5327,14.2988,20.6222,8.52229,19.5779,4.05489,8.16351,4.4424,17.8254
2025,11943.3,30951.7,10099.3,3195.25,7358.06,3520.19,1348.45,767.246,1781.19,1863.23,3176.03,1135.88,4726.14,2155.71,713.726,1822.61,1003.79,163.096,156.698,25.6405,33.1554,79.775,266.66,59.0308,85.8831,32.9182,617.723,25.7298,10.2274,11.6686,16.8288,6.95463,15.9766,3.309,6.66185,18.1716
2026,11862.7,10124.1,26221.5,8514.38,2674.13,6120.51,2910.29,1107.24,625.838,1445.11,1505.81,2560.11,914.052,3799.06,1731.65,573.071,1463.01,805.597,130.878,125.734,20.5729,26.602,64.0064,213.95,47.3623,68.9067,26.4112,495.617,20.6437,8.20569,9.36202,13.5022,5.57989,12.8185,2.6549,19.9246
2027,11825.9,10055.7,8577.76,22126.3,7138.58,2228.25,5065.07,2390.13,902.836,507.402,1166.89,1212.63,2058.06,733.985,3048.49,1388.9,459.508,1172.87,645.757,104.902,100.775,16.4886,21.3205,51.2987,171.472,37.9589,55.2257,21.1675,397.215,16.545,6.57649,7.50323,10.8214,4.47202,10.2734,18.0964
2028,11767.2,10024.5,8511.83,7178.84,18205.6,5796.03,1787.18,4006.93,1864.97,696.47,388.181,887.705,919.122,1556.25,554.18,2299.46,1046.99,346.249,883.554,486.386,79.0047,75.8918,12.4171,16.0558,38.6313,129.13,28.5854,41.5882,15.9403,299.126,12.4593,4.95246,5.65034,8.14912,3.36768,21.364
2029,11735.7,9974.81,8485.48,7124.17,5907.74,14785.2,4650.15,1414.36,3127.94,1439.42,533.124,295.482,673.255,695.448,1175.76,418.283,1734.51,789.434,261.006,665.925,366.547,59.5356,57.1892,9.35702,12.0989,29.1106,97.3053,21.5404,31.3386,12.0117,225.404,9.38864,3.73189,4.25777,6.14069,18.6363
2030,11706.9,9948.09,8443.46,7102.52,5863.52,4798.72,11865,3681.19,1104.49,2415.2,1102.32,406.002,224.209,509.667,525.68,887.884,315.675,1308.49,595.389,196.819,502.108,276.361,44.8868,43.1175,7.05463,9.12183,21.9475,73.3617,16.24,23.6271,9.056,169.939,7.07836,2.81357,3.21005,18.68
2031,11670.4,9923.63,8420.89,7067.74,5846.47,4763.71,3851.88,9395.55,2875.74,853.173,1850.42,839.875,308.222,169.816,385.447,397.176,670.425,238.266,987.377,449.202,148.478,378.765,208.471,33.8598,32.5249,5.32152,6.88085,16.5556,55.3385,12.2502,17.8225,6.83114,128.188,5.33936,2.12234,16.5121
2032,11624.3,9892.73,8400.26,7049.35,5818.8,4750.99,3824.96,3051.37,7343.19,2222.56,654.037,1410.72,638.002,233.597,128.51,291.414,300.098,506.359,179.912,745.438,339.099,112.079,285.908,157.361,25.5585,24.5508,4.01683,5.19385,12.4966,41.7708,9.24674,13.4528,5.15629,96.7594,4.03026,14.0657
2033,11570.4,9853.61,8374.15,7032.47,5804.42,4729.41,3815.69,3030.98,2385.72,5677.72,1704.59,498.867,1072.18,483.782,176.87,97.2103,220.303,226.779,382.55,135.9,563.026,256.106,84.6473,215.929,118.845,19.3026,18.5415,3.03363,3.92254,9.43775,31.5465,6.98338,10.1599,3.89417,73.0751,13.6665
2034,11512.9,9807.98,8341.08,7011,5791.27,4718.61,3799.29,3024.57,2370.66,1845.41,4356.54,1300.81,379.342,813.425,366.491,133.862,73.5279,166.568,171.421,289.121,102.7,425.455,193.527,63.9632,163.165,89.8038,14.5858,14.0106,2.29231,2.964,7.13145,23.8374,5.27685,7.67712,2.94254,65.5444
2035,11455.5,9759.2,8302.53,6983.81,5774.54,4709.04,3791.78,3012.73,2366.75,1834.73,1416.81,3326.59,989.768,287.979,616.613,277.556,101.317,55.63,125.991,129.641,218.634,77.6573,321.708,146.334,48.3653,123.375,67.9039,11.0288,10.5939,1.73329,2.24117,5.39231,18.0242,3.98998,5.8049,51.785
2036,11401.2,9710.59,8261.28,6951.91,5752.89,4696.33,3785.02,3007.7,2358.35,1832.47,1409.25,1082.37,2532.41,751.768,218.414,467.226,210.186,76.6951,42.1003,95.3338,98.0864,165.409,58.7516,243.387,110.708,36.5902,93.3378,51.3716,8.34365,8.01461,1.31129,1.69551,4.07945,13.6359,3.01854,43.5684
